chr1	40	140
chr1	213	313
chr1	505	605
chr1	638	738
chr1	859	959
chr1	996	1096
chr1	1135	1235
chr1	1328	1428
chr1	1448	1548
chr1	1728	1828
chr1	1863	1963
chr1	2159	2259
chr1	2278	2378
chr1	2472	2572
chr1	2652	2752
chr1	2783	2883
chr1	2935	3035
chr1	3102	3202
chr1	3207	3307
chr1	3311	3411
chr1	3468	3568
chr1	3572	3672
chr1	3780	3880
chr1	3935	4035
chr1	4331	4431
chr1	4582	4682
chr1	4854	4954
chr1	5079	5179
chr1	5218	5318
chr1	5443	5543
chr1	5650	5750
chr1	6050	6150
chr1	6198	6298
chr1	6590	6690
chr1	6739	6839
chr1	6898	6998
chr1	7288	7388
chr1	7428	7528
chr1	7682	7782
chr1	8166	8266
chr1	8399	8499
chr1	8548	8648
chr1	8755	8855
chr1	9140	9240
chr1	9242	9342
chr1	9388	9488
chr1	9647	9747
chr1	9749	9849
chr1	9914	10014
chr1	10019	10119
chr1	10238	10338
chr1	10345	10445
chr1	10469	10569
chr1	10575	10675
chr1	10847	10947
chr1	11235	11335
chr1	11444	11544
chr1	11604	11704
chr1	11806	11906
chr1	11984	12084
chr1	12315	12415
chr1	12567	12667
chr1	12700	12800
chr1	12897	12997
chr1	13059	13159
chr1	13296	13396
chr1	13427	13527
chr1	13688	13788
chr1	13940	14040
chr1	14074	14174
chr1	14385	14485
chr1	14595	14695
chr1	14737	14837
chr1	14921	15021
chr1	15074	15174
chr1	15223	15323
chr1	15621	15721
chr1	15768	15868
chr1	15932	16032
chr1	16116	16216
chr1	16284	16384
chr1	16543	16643
chr1	17079	17179
chr1	17317	17417
chr1	17429	17529
chr1	17612	17712
chr1	17722	17822
chr1	17845	17945
chr1	18062	18162
chr1	18350	18450
chr1	18466	18566
chr1	18586	18686
chr1	19054	19154
chr1	19254	19354
chr1	19361	19461
chr1	19669	19769
chr1	19831	19931
chr1	20124	20224
chr1	20248	20348
chr1	20442	20542
chr1	20682	20782
chr1	20831	20931
chr1	21034	21134
chr1	21212	21312
chr1	21348	21448
chr1	21481	21581
chr1	21608	21708
chr1	21737	21837
chr1	21840	21940
chr1	22041	22141
chr1	22290	22390
chr1	22423	22523
chr1	22567	22667
chr1	22789	22889
chr1	23003	23103
chr1	23175	23275
chr1	23453	23553
chr1	23567	23667
chr1	23684	23784
chr1	23793	23893
chr1	23984	24084
chr1	24098	24198
chr1	24284	24384
chr1	24516	24616
chr1	24625	24725
chr1	24887	24987
chr1	25068	25168
chr1	25253	25353
chr1	25545	25645
chr1	25668	25768
chr1	25818	25918
chr1	25952	26052
chr1	26060	26160
chr1	26264	26364
chr1	26593	26693
chr1	26795	26895
chr1	26989	27089
chr1	27111	27211
chr1	27279	27379
chr1	27580	27680
chr1	27993	28093
chr1	28179	28279
chr1	28350	28450
chr1	28611	28711
chr1	28830	28930
chr1	28972	29072
chr1	29141	29241
chr1	29919	30019
chr1	30189	30289
chr1	30377	30477
chr1	30508	30608
chr1	30717	30817
chr1	30833	30933
chr1	30962	31062
chr1	31158	31258
chr1	31265	31365
chr1	31531	31631
chr1	31879	31979
chr1	32058	32158
chr1	32263	32363
chr1	32595	32695
chr1	32725	32825
chr1	32989	33089
chr1	33117	33217
chr1	33254	33354
chr1	33395	33495
chr1	33548	33648
chr1	33761	33861
chr1	33979	34079
chr1	34089	34189
chr1	34342	34442
chr1	34491	34591
chr1	34674	34774
chr1	34791	34891
chr1	34966	35066
chr1	35114	35214
chr1	35258	35358
chr1	35430	35530
chr1	35535	35635
chr1	35655	35755
chr1	35812	35912
chr1	35972	36072
chr1	36097	36197
chr1	36211	36311
chr1	36393	36493
chr1	36740	36840
chr1	36857	36957
chr1	36965	37065
chr1	37081	37181
chr1	37368	37468
chr1	37571	37671
chr1	37756	37856
chr1	37919	38019
chr1	38021	38121
chr1	38128	38228
chr1	38342	38442
chr1	38464	38564
chr1	38618	38718
chr1	38724	38824
chr1	38909	39009
chr1	39015	39115
chr1	39140	39240
chr1	39436	39536
chr1	39728	39828
chr1	39845	39945
chr1	40023	40123
chr1	40196	40296
chr1	40313	40413
chr1	40417	40517
chr1	40670	40770
chr1	40786	40886
chr1	40994	41094
chr1	41225	41325
chr1	41347	41447
chr1	41580	41680
chr1	41844	41944
chr1	41960	42060
chr1	42186	42286
chr1	42483	42583
chr1	42624	42724
chr1	42739	42839
chr1	42864	42964
chr1	43022	43122
chr1	43151	43251
chr1	43309	43409
chr1	43439	43539
chr1	43699	43799
chr1	43993	44093
chr1	44116	44216
chr1	44286	44386
chr1	44448	44548
chr1	44598	44698
chr1	44761	44861
chr1	44869	44969
chr1	45192	45292
chr1	45327	45427
chr1	45627	45727
chr1	45755	45855
chr1	46007	46107
chr1	46224	46324
chr1	46503	46603
chr1	46658	46758
chr1	46772	46872
chr1	46886	46986
chr1	47036	47136
chr1	47220	47320
chr1	47420	47520
chr1	47937	48037
chr1	48058	48158
chr1	48189	48289
chr1	48387	48487
chr1	48587	48687
chr1	48708	48808
chr1	48812	48912
chr1	48957	49057
chr1	49091	49191
chr1	49204	49304
chr1	49649	49749
chr1	49762	49862
chr1	49871	49971
chr1	50046	50146
chr1	50154	50254
chr1	50324	50424
chr1	50536	50636
chr1	50710	50810
chr1	50840	50940
chr1	51245	51345
chr1	51352	51452
chr1	51996	52096
chr1	52188	52288
chr1	52458	52558
chr1	52676	52776
chr1	52975	53075
chr1	53201	53301
chr1	53370	53470
chr1	54300	54400
chr1	54411	54511
chr1	54657	54757
chr1	54825	54925
chr1	55040	55140
chr1	55190	55290
chr1	55588	55688
chr1	55708	55808
chr1	55861	55961
chr1	55980	56080
chr1	56083	56183
chr1	56188	56288
chr1	56395	56495
chr1	56503	56603
chr1	56607	56707
chr1	56731	56831
chr1	56907	57007
chr1	57008	57108
chr1	57198	57298
chr1	57525	57625
chr1	57709	57809
chr1	57979	58079
chr1	58213	58313
chr1	58350	58450
chr1	58466	58566
chr1	58857	58957
chr1	58960	59060
chr1	59169	59269
chr1	59450	59550
chr1	59598	59698
chr1	59700	59800
chr1	59918	60018
chr1	60076	60176
chr1	60255	60355
chr1	60372	60472
chr1	60606	60706
chr1	60752	60852
chr1	60869	60969
chr1	60988	61088
chr1	61168	61268
chr1	61541	61641
chr1	61645	61745
chr1	61806	61906
chr1	62028	62128
chr1	62258	62358
chr1	62401	62501
chr1	62526	62626
chr1	62750	62850
chr1	62903	63003
chr1	63134	63234
chr1	63296	63396
chr1	63688	63788
chr1	63816	63916
chr1	64105	64205
chr1	64297	64397
chr1	64414	64514
chr1	64674	64774
chr1	64792	64892
chr1	64895	64995
chr1	65016	65116
chr1	65272	65372
chr1	65381	65481
chr1	65615	65715
chr1	65744	65844
chr1	65885	65985
chr1	66230	66330
chr1	66411	66511
chr1	66737	66837
chr1	67008	67108
chr1	67239	67339
chr1	67460	67560
chr1	67569	67669
chr1	67749	67849
chr1	67899	67999
chr1	68062	68162
chr1	68385	68485
chr1	68499	68599
chr1	68659	68759
chr1	68912	69012
chr1	69017	69117
chr1	69130	69230
chr1	69307	69407
chr1	69454	69554
chr1	69566	69666
chr1	69746	69846
chr1	69856	69956
chr1	69960	70060
chr1	70471	70571
chr1	70593	70693
chr1	70781	70881
chr1	71042	71142
chr1	71213	71313
chr1	71409	71509
chr1	71528	71628
chr1	71690	71790
chr1	71799	71899
chr1	72082	72182
chr1	72329	72429
chr1	72530	72630
chr1	72842	72942
chr1	72996	73096
chr1	73289	73389
chr1	73403	73503
chr1	73597	73697
chr1	73745	73845
chr1	73964	74064
chr1	74098	74198
chr1	74216	74316
chr1	74366	74466
chr1	74503	74603
chr1	74618	74718
chr1	74750	74850
chr1	74915	75015
chr1	75078	75178
chr1	75192	75292
chr1	75568	75668
chr1	75697	75797
chr1	75837	75937
chr1	75986	76086
chr1	76108	76208
chr1	76384	76484
chr1	76522	76622
chr1	76650	76750
chr1	76918	77018
chr1	77283	77383
chr1	77500	77600
chr1	77665	77765
chr1	77802	77902
chr1	77917	78017
chr1	78659	78759
chr1	79024	79124
chr1	79196	79296
chr1	79569	79669
chr1	79757	79857
chr1	80024	80124
chr1	80285	80385
chr1	80394	80494
chr1	80663	80763
chr1	80826	80926
chr1	80953	81053
chr1	81063	81163
chr1	81230	81330
chr1	81525	81625
chr1	81795	81895
chr1	82086	82186
chr1	82250	82350
chr1	82431	82531
chr1	82547	82647
chr1	82656	82756
chr1	82816	82916
chr1	82936	83036
chr1	83050	83150
chr1	83196	83296
chr1	83313	83413
chr1	83527	83627
chr1	83739	83839
chr1	84283	84383
chr1	84400	84500
chr1	84553	84653
chr1	84675	84775
chr1	84971	85071
chr1	85120	85220
chr1	85366	85466
chr1	85614	85714
chr1	85988	86088
chr1	86115	86215
chr1	86536	86636
chr1	86690	86790
chr1	86928	87028
chr1	87184	87284
chr1	87508	87608
chr1	87610	87710
chr1	87722	87822
chr1	87905	88005
chr1	88068	88168
chr1	88267	88367
chr1	88554	88654
chr1	88796	88896
chr1	88924	89024
chr1	89048	89148
chr1	89222	89322
chr1	89454	89554
chr1	89648	89748
chr1	89774	89874
chr1	89913	90013
chr1	90034	90134
chr1	90156	90256
chr1	90376	90476
chr1	90507	90607
chr1	90684	90784
chr1	90882	90982
chr1	90996	91096
chr1	91152	91252
chr1	91341	91441
chr1	91456	91556
chr1	91685	91785
chr1	91937	92037
chr1	92063	92163
chr1	92418	92518
chr1	92626	92726
chr1	92815	92915
chr1	92997	93097
chr1	93235	93335
chr1	93431	93531
chr1	93549	93649
chr1	93898	93998
chr1	94104	94204
chr1	94236	94336
chr1	94362	94462
chr1	94545	94645
chr1	94659	94759
chr1	94789	94889
chr1	94937	95037
chr1	95165	95265
chr1	95312	95412
chr1	95585	95685
chr1	95977	96077
chr1	96115	96215
chr1	96234	96334
chr1	96368	96468
chr1	96554	96654
chr1	96658	96758
chr1	96761	96861
chr1	97045	97145
chr1	97164	97264
chr1	97282	97382
chr1	97594	97694
chr1	97878	97978
chr1	98171	98271
chr1	98272	98372
chr1	98418	98518
chr1	98656	98756
chr1	98852	98952
chr1	98969	99069
chr1	99087	99187
chr1	99216	99316
chr1	99331	99431
chr1	99578	99678
chr1	99770	99870
chr1	99930	100030
chr1	100235	100335
chr1	100380	100480
chr1	100486	100586
chr1	100593	100693
chr1	100700	100800
chr1	100975	101075
chr1	101103	101203
chr1	101281	101381
chr1	101417	101517
chr1	101602	101702
chr1	101846	101946
chr1	102103	102203
chr1	102591	102691
chr1	102732	102832
chr1	102910	103010
chr1	103132	103232
chr1	103334	103434
chr1	103531	103631
chr1	103835	103935
chr1	103973	104073
chr1	104160	104260
chr1	104293	104393
chr1	104469	104569
chr1	104609	104709
chr1	104725	104825
chr1	104855	104955
chr1	105138	105238
chr1	105538	105638
chr1	105836	105936
chr1	105950	106050
chr1	106196	106296
chr1	106305	106405
chr1	106466	106566
chr1	106621	106721
chr1	106779	106879
chr1	107035	107135
chr1	107179	107279
chr1	107614	107714
chr1	108001	108101
chr1	108236	108336
chr1	108496	108596
chr1	108699	108799
chr1	108829	108929
chr1	109143	109243
chr1	109509	109609
chr1	109630	109730
chr1	109876	109976
chr1	110178	110278
chr1	110480	110580
chr1	110721	110821
chr1	110932	111032
chr1	111215	111315
chr1	111337	111437
chr1	111523	111623
chr1	111869	111969
chr1	112085	112185
chr1	112359	112459
chr1	112784	112884
chr1	112915	113015
chr1	113167	113267
chr1	113318	113418
chr1	113441	113541
chr1	113674	113774
chr1	113999	114099
chr1	114225	114325
chr1	114355	114455
chr1	114486	114586
chr1	114696	114796
chr1	114860	114960
chr1	115038	115138
chr1	115171	115271
chr1	115297	115397
chr1	115624	115724
chr1	115805	115905
chr1	115921	116021
chr1	116035	116135
chr1	116219	116319
chr1	116636	116736
chr1	116832	116932
chr1	117125	117225
chr1	117235	117335
chr1	117615	117715
chr1	117859	117959
chr1	117997	118097
chr1	118209	118309
chr1	118368	118468
chr1	118644	118744
chr1	118764	118864
chr1	118896	118996
chr1	118998	119098
chr1	119164	119264
chr1	119324	119424
chr1	119639	119739
chr1	119754	119854
chr1	119865	119965
chr1	120090	120190
chr1	120344	120444
chr1	120610	120710
chr1	120728	120828
chr1	120954	121054
chr1	121142	121242
chr1	121429	121529
chr1	121572	121672
chr1	121708	121808
chr1	121912	122012
chr1	122061	122161
chr1	122312	122412
chr1	122464	122564
chr1	122607	122707
chr1	122946	123046
chr1	123123	123223
chr1	123403	123503
chr1	123817	123917
chr1	124156	124256
chr1	124354	124454
chr1	124486	124586
chr1	124626	124726
chr1	124804	124904
chr1	124930	125030
chr1	125076	125176
chr1	125228	125328
chr1	125475	125575
chr1	125605	125705
chr1	125774	125874
chr1	125890	125990
chr1	126020	126120
chr1	126190	126290
chr1	126356	126456
chr1	126555	126655
chr1	126732	126832
chr1	126863	126963
chr1	127050	127150
chr1	127225	127325
chr1	127609	127709
chr1	127755	127855
chr1	127897	127997
chr1	127998	128098
chr1	128512	128612
chr1	128624	128724
chr1	128840	128940
chr1	129064	129164
chr1	129243	129343
chr1	129437	129537
chr1	129759	129859
chr1	129875	129975
chr1	130142	130242
chr1	130334	130434
chr1	130563	130663
chr1	130742	130842
chr1	130929	131029
chr1	131069	131169
chr1	131172	131272
chr1	131421	131521
chr1	131585	131685
chr1	131769	131869
chr1	131904	132004
chr1	132052	132152
chr1	132383	132483
chr1	132572	132672
chr1	132818	132918
chr1	133015	133115
chr1	133135	133235
chr1	133404	133504
chr1	133526	133626
chr1	133639	133739
chr1	133809	133909
chr1	133987	134087
chr1	134117	134217
chr1	134240	134340
chr1	134406	134506
chr1	134659	134759
chr1	134787	134887
chr1	134973	135073
chr1	135083	135183
chr1	135225	135325
chr1	135439	135539
chr1	135918	136018
chr1	136194	136294
chr1	136491	136591
chr1	136614	136714
chr1	136774	136874
chr1	137067	137167
chr1	137244	137344
chr1	137350	137450
chr1	137589	137689
chr1	137866	137966
chr1	138039	138139
chr1	138189	138289
chr1	138454	138554
chr1	138810	138910
chr1	139002	139102
chr1	139120	139220
chr1	139299	139399
chr1	139494	139594
chr1	139615	139715
chr1	139722	139822
chr1	139858	139958
chr1	140051	140151
chr1	140357	140457
chr1	140494	140594
chr1	140651	140751
chr1	140866	140966
chr1	141283	141383
chr1	141475	141575
chr1	141584	141684
chr1	141732	141832
chr1	142098	142198
chr1	142201	142301
chr1	142557	142657
chr1	142820	142920
chr1	142973	143073
chr1	143240	143340
chr1	143437	143537
chr1	143574	143674
chr1	143702	143802
chr1	143872	143972
chr1	144245	144345
chr1	144358	144458
chr1	144643	144743
chr1	144769	144869
chr1	144905	145005
chr1	145049	145149
chr1	145198	145298
chr1	145441	145541
chr1	145548	145648
chr1	145659	145759
chr1	145877	145977
chr1	146093	146193
chr1	146201	146301
chr1	146338	146438
chr1	146565	146665
chr1	146708	146808
chr1	146994	147094
chr1	147106	147206
chr1	147440	147540
chr1	147661	147761
chr1	147769	147869
chr1	147870	147970
chr1	148033	148133
chr1	148198	148298
chr1	148400	148500
chr1	148683	148783
chr1	148927	149027
chr1	149293	149393
chr1	149451	149551
chr1	149665	149765
chr1	149834	149934
chr1	150046	150146
chr1	150383	150483
chr1	150519	150619
chr1	150677	150777
chr1	150801	150901
chr1	151100	151200
chr1	151424	151524
chr1	151546	151646
chr1	152077	152177
chr1	152242	152342
chr1	152437	152537
chr1	152550	152650
chr1	152853	152953
chr1	153101	153201
chr1	153316	153416
chr1	153459	153559
chr1	153579	153679
chr1	153711	153811
chr1	153863	153963
chr1	154000	154100
chr1	154267	154367
chr1	154490	154590
chr1	154634	154734
chr1	154735	154835
chr1	154912	155012
chr1	155077	155177
chr1	155214	155314
chr1	155381	155481
chr1	155894	155994
chr1	156017	156117
chr1	156270	156370
chr1	156407	156507
chr1	156794	156894
chr1	156992	157092
chr1	157159	157259
chr1	157434	157534
chr1	157555	157655
chr1	157668	157768
chr1	157921	158021
chr1	158120	158220
chr1	158271	158371
chr1	158473	158573
chr1	158652	158752
chr1	158755	158855
chr1	158899	158999
chr1	159015	159115
chr1	159130	159230
chr1	159292	159392
chr1	159554	159654
chr1	159729	159829
chr1	159839	159939
chr1	160115	160215
chr1	160369	160469
chr1	160585	160685
chr1	160753	160853
chr1	160910	161010
chr1	161020	161120
chr1	161126	161226
chr1	161467	161567
chr1	161583	161683
chr1	161691	161791
chr1	161795	161895
chr1	162023	162123
chr1	162186	162286
chr1	162302	162402
chr1	162656	162756
chr1	162896	162996
chr1	163187	163287
chr1	163324	163424
chr1	163492	163592
chr1	163685	163785
chr1	163861	163961
chr1	164144	164244
chr1	164305	164405
chr1	164514	164614
chr1	164624	164724
chr1	164747	164847
chr1	164989	165089
chr1	165140	165240
chr1	165248	165348
chr1	165415	165515
chr1	165557	165657
chr1	165765	165865
chr1	165963	166063
chr1	166344	166444
chr1	166450	166550
chr1	166720	166820
chr1	166843	166943
chr1	167013	167113
chr1	167375	167475
chr1	167763	167863
chr1	168039	168139
chr1	168307	168407
chr1	168687	168787
chr1	168856	168956
chr1	169087	169187
chr1	169189	169289
chr1	169335	169435
chr1	169560	169660
chr1	169816	169916
chr1	169958	170058
chr1	170228	170328
chr1	170346	170446
chr1	170642	170742
chr1	170747	170847
chr1	171131	171231
chr1	171495	171595
chr1	171598	171698
chr1	171705	171805
chr1	171845	171945
chr1	171966	172066
chr1	172195	172295
chr1	172559	172659
chr1	172696	172796
chr1	172965	173065
chr1	173093	173193
chr1	173229	173329
chr1	173391	173491
chr1	173651	173751
chr1	173807	173907
chr1	173931	174031
chr1	174136	174236
chr1	174348	174448
chr1	174470	174570
chr1	174697	174797
chr1	174806	174906
chr1	174917	175017
chr1	175031	175131
chr1	175132	175232
chr1	175284	175384
chr1	175400	175500
chr1	175683	175783
chr1	175834	175934
chr1	176108	176208
chr1	176213	176313
chr1	176378	176478
chr1	176604	176704
chr1	176918	177018
chr1	177106	177206
chr1	177262	177362
chr1	177364	177464
chr1	177488	177588
chr1	177689	177789
chr1	177846	177946
chr1	178114	178214
chr1	178225	178325
chr1	178400	178500
chr1	178575	178675
chr1	178879	178979
chr1	179001	179101
chr1	179162	179262
chr1	179696	179796
chr1	179804	179904
chr1	179962	180062
chr1	180152	180252
chr1	180318	180418
chr1	180543	180643
chr1	181007	181107
chr1	181145	181245
chr1	181276	181376
chr1	181396	181496
chr1	181540	181640
chr1	181659	181759
chr1	181794	181894
chr1	181994	182094
chr1	182127	182227
chr1	182238	182338
chr1	182445	182545
chr1	182556	182656
chr1	182772	182872
chr1	183308	183408
chr1	183492	183592
chr1	183955	184055
chr1	184077	184177
chr1	184178	184278
chr1	184318	184418
chr1	184430	184530
chr1	184784	184884
chr1	184893	184993
chr1	185069	185169
chr1	185330	185430
chr1	185516	185616
chr1	185686	185786
chr1	185807	185907
chr1	186272	186372
chr1	186464	186564
chr1	186630	186730
chr1	186938	187038
chr1	187152	187252
chr1	187360	187460
chr1	187484	187584
chr1	187686	187786
chr1	187825	187925
chr1	187980	188080
chr1	188213	188313
chr1	188501	188601
chr1	188608	188708
chr1	188764	188864
chr1	188914	189014
chr1	189105	189205
chr1	189381	189481
chr1	189500	189600
chr1	189958	190058
chr1	190104	190204
chr1	190396	190496
chr1	190525	190625
chr1	190694	190794
chr1	190811	190911
chr1	191041	191141
chr1	191142	191242
chr1	191272	191372
chr1	191472	191572
chr1	191797	191897
chr1	191899	191999
chr1	192016	192116
chr1	192142	192242
chr1	192380	192480
chr1	192494	192594
chr1	192601	192701
chr1	192756	192856
chr1	192900	193000
chr1	193102	193202
chr1	193222	193322
chr1	193343	193443
chr1	193722	193822
chr1	193834	193934
chr1	193961	194061
chr1	194152	194252
chr1	194388	194488
chr1	194572	194672
chr1	194675	194775
chr1	194812	194912
chr1	194933	195033
chr1	195042	195142
chr1	195474	195574
chr1	195722	195822
chr1	195824	195924
chr1	196160	196260
chr1	196531	196631
chr1	196721	196821
chr1	196825	196925
chr1	196957	197057
chr1	197103	197203
chr1	197445	197545
chr1	197566	197666
chr1	197697	197797
chr1	197847	197947
chr1	198477	198577
chr1	198604	198704
chr1	198730	198830
chr1	198933	199033
chr1	199127	199227
chr1	199481	199581
chr1	199868	199968
chr1	200018	200118
chr1	200253	200353
chr1	200411	200511
chr1	200525	200625
chr1	200678	200778
chr1	200824	200924
chr1	201152	201252
chr1	201329	201429
chr1	201475	201575
chr1	201615	201715
chr1	201718	201818
chr1	201842	201942
chr1	202045	202145
chr1	202201	202301
chr1	202331	202431
chr1	202455	202555
chr1	202838	202938
chr1	203345	203445
chr1	203472	203572
chr1	203733	203833
chr1	203866	203966
chr1	204028	204128
chr1	204154	204254
chr1	204292	204392
chr1	204543	204643
chr1	204657	204757
chr1	204879	204979
chr1	205041	205141
chr1	205397	205497
chr1	205668	205768
chr1	205882	205982
chr1	206082	206182
chr1	206307	206407
chr1	206414	206514
chr1	206520	206620
chr1	206697	206797
chr1	206936	207036
chr1	207081	207181
chr1	207199	207299
chr1	207355	207455
chr1	207472	207572
chr1	207574	207674
chr1	207716	207816
chr1	207880	207980
chr1	208005	208105
chr1	208207	208307
chr1	208654	208754
chr1	208806	208906
chr1	208979	209079
chr1	209258	209358
chr1	209383	209483
chr1	209513	209613
chr1	209788	209888
chr1	209889	209989
chr1	210042	210142
chr1	210211	210311
chr1	210505	210605
chr1	210616	210716
chr1	210724	210824
chr1	210827	210927
chr1	211123	211223
chr1	211344	211444
chr1	211668	211768
chr1	211772	211872
chr1	211894	211994
chr1	212024	212124
chr1	212198	212298
chr1	212481	212581
chr1	212666	212766
chr1	212782	212882
chr1	213027	213127
chr1	213144	213244
chr1	213271	213371
chr1	213398	213498
chr1	213609	213709
chr1	214043	214143
chr1	214285	214385
chr1	214445	214545
chr1	214615	214715
chr1	214725	214825
chr1	214889	214989
chr1	215054	215154
chr1	215205	215305
chr1	215380	215480
chr1	215499	215599
chr1	215619	215719
chr1	216026	216126
chr1	216234	216334
chr1	216625	216725
chr1	216736	216836
chr1	216842	216942
chr1	216980	217080
chr1	217146	217246
chr1	217503	217603
chr1	217628	217728
chr1	217753	217853
chr1	217860	217960
chr1	217969	218069
chr1	218331	218431
chr1	218527	218627
chr1	218938	219038
chr1	219179	219279
chr1	219296	219396
chr1	219505	219605
chr1	219759	219859
chr1	219906	220006
chr1	220032	220132
chr1	220138	220238
chr1	220537	220637
chr1	220638	220738
chr1	220779	220879
chr1	220904	221004
chr1	221005	221105
chr1	221251	221351
chr1	221533	221633
chr1	221723	221823
chr1	221842	221942
chr1	221972	222072
chr1	222195	222295
chr1	222441	222541
chr1	222542	222642
chr1	222884	222984
chr1	223057	223157
chr1	223239	223339
chr1	223366	223466
chr1	223683	223783
chr1	223942	224042
chr1	224289	224389
chr1	224443	224543
chr1	224793	224893
chr1	224925	225025
chr1	225151	225251
chr1	225276	225376
chr1	225534	225634
chr1	225734	225834
chr1	225881	225981
chr1	226143	226243
chr1	226340	226440
chr1	226563	226663
chr1	226760	226860
chr1	226969	227069
chr1	227176	227276
chr1	227292	227392
chr1	227448	227548
chr1	227550	227650
chr1	227840	227940
chr1	228013	228113
chr1	228369	228469
chr1	228488	228588
chr1	228612	228712
chr1	228806	228906
chr1	229068	229168
chr1	229231	229331
chr1	229418	229518
chr1	229614	229714
chr1	229873	229973
chr1	230006	230106
chr1	230174	230274
chr1	230284	230384
chr1	230398	230498
chr1	230499	230599
chr1	230615	230715
chr1	230741	230841
chr1	230844	230944
chr1	230954	231054
chr1	231173	231273
chr1	231348	231448
chr1	231479	231579
chr1	231719	231819
chr1	231869	231969
chr1	231979	232079
chr1	232126	232226
chr1	232244	232344
chr1	232495	232595
chr1	232628	232728
chr1	232862	232962
chr1	233021	233121
chr1	233179	233279
chr1	233386	233486
chr1	233613	233713
chr1	233734	233834
chr1	233839	233939
chr1	233994	234094
chr1	234144	234244
chr1	234284	234384
chr1	234438	234538
chr1	234786	234886
chr1	235023	235123
chr1	235475	235575
chr1	235704	235804
chr1	235860	235960
chr1	236101	236201
chr1	236296	236396
chr1	236431	236531
chr1	236627	236727
chr1	236751	236851
chr1	237051	237151
chr1	237436	237536
chr1	237676	237776
chr1	237803	237903
chr1	238089	238189
chr1	238366	238466
chr1	238640	238740
chr1	238978	239078
chr1	239111	239211
chr1	239246	239346
chr1	239524	239624
chr1	239637	239737
chr1	239765	239865
chr1	239887	239987
chr1	240160	240260
chr1	240320	240420
chr1	240442	240542
chr1	240650	240750
chr1	240808	240908
chr1	241082	241182
chr1	241285	241385
chr1	241505	241605
chr1	241656	241756
chr1	241816	241916
chr1	241993	242093
chr1	242180	242280
chr1	242427	242527
chr1	242568	242668
chr1	242706	242806
chr1	242810	242910
chr1	243020	243120
chr1	243431	243531
chr1	243883	243983
chr1	244319	244419
chr1	244592	244692
chr1	244835	244935
chr1	245060	245160
chr1	245226	245326
chr1	245352	245452
chr1	245579	245679
chr1	245874	245974
chr1	245998	246098
chr1	246124	246224
chr1	246390	246490
chr1	246544	246644
chr1	246784	246884
chr1	247184	247284
chr1	247309	247409
chr1	247418	247518
chr1	247575	247675
chr1	247700	247800
chr1	247806	247906
chr1	248032	248132
chr1	248161	248261
chr1	248281	248381
chr1	248433	248533
chr1	248579	248679
chr1	248764	248864
chr1	248901	249001
chr1	249145	249245
chr1	249309	249409
chr1	249433	249533
chr1	249580	249680
chr1	249717	249817
chr1	250034	250134
chr1	250140	250240
chr1	250570	250670
chr1	250786	250886
chr1	250887	250987
chr1	251067	251167
chr1	251182	251282
chr1	251335	251435
chr1	251620	251720
chr1	251802	251902
chr1	251909	252009
chr1	252015	252115
chr1	252159	252259
chr1	252433	252533
chr1	252592	252692
chr1	252806	252906
chr1	252954	253054
chr1	253109	253209
chr1	253309	253409
chr1	253649	253749
chr1	254008	254108
chr1	254199	254299
chr1	254333	254433
chr1	254596	254696
chr1	254748	254848
chr1	254863	254963
chr1	255009	255109
chr1	255133	255233
chr1	255249	255349
chr1	255389	255489
chr1	255652	255752
chr1	255933	256033
chr1	256037	256137
chr1	256216	256316
chr1	256327	256427
chr1	256567	256667
chr1	256677	256777
chr1	256795	256895
chr1	257061	257161
chr1	257227	257327
chr1	257347	257447
chr1	257503	257603
chr1	257705	257805
chr1	257829	257929
chr1	258098	258198
chr1	258222	258322
chr1	258764	258864
chr1	259072	259172
chr1	259404	259504
chr1	259617	259717
chr1	259793	259893
chr1	260034	260134
chr1	260270	260370
chr1	260431	260531
chr1	260578	260678
chr1	261184	261284
chr1	261365	261465
chr1	261562	261662
chr1	261686	261786
chr1	261966	262066
chr1	262086	262186
chr1	262390	262490
chr1	262639	262739
chr1	262857	262957
chr1	263088	263188
chr1	263420	263520
chr1	263559	263659
chr1	263795	263895
chr1	263907	264007
chr1	264123	264223
chr1	264230	264330
chr1	264434	264534
chr1	264631	264731
chr1	265085	265185
chr1	265446	265546
chr1	265787	265887
chr1	266083	266183
chr1	266219	266319
chr1	266326	266426
chr1	266481	266581
chr1	266718	266818
chr1	266829	266929
chr1	266947	267047
chr1	267063	267163
chr1	267182	267282
chr1	267297	267397
chr1	267433	267533
chr1	267550	267650
chr1	267661	267761
chr1	267762	267862
chr1	268293	268393
chr1	268511	268611
chr1	268662	268762
chr1	269000	269100
chr1	269131	269231
chr1	269405	269505
chr1	269522	269622
chr1	269666	269766
chr1	269850	269950
chr1	270134	270234
chr1	270241	270341
chr1	270372	270472
chr1	270554	270654
chr1	270655	270755
chr1	270973	271073
chr1	271105	271205
chr1	271328	271428
chr1	271460	271560
chr1	271574	271674
chr1	271743	271843
chr1	271907	272007
chr1	272016	272116
chr1	272328	272428
chr1	272573	272673
chr1	272747	272847
chr1	272881	272981
chr1	272993	273093
chr1	273107	273207
chr1	273237	273337
chr1	273351	273451
chr1	273537	273637
chr1	273795	273895
chr1	273955	274055
chr1	274210	274310
chr1	274400	274500
chr1	274611	274711
chr1	274721	274821
chr1	274837	274937
chr1	274981	275081
chr1	275106	275206
chr1	275252	275352
chr1	275796	275896
chr1	275907	276007
chr1	276042	276142
chr1	276248	276348
chr1	276457	276557
chr1	276560	276660
chr1	276711	276811
chr1	276835	276935
chr1	277045	277145
chr1	277153	277253
chr1	277287	277387
chr1	277435	277535
chr1	277549	277649
chr1	277721	277821
chr1	278034	278134
chr1	278198	278298
chr1	278595	278695
chr1	278755	278855
chr1	278937	279037
chr1	279200	279300
chr1	279389	279489
chr1	279492	279592
chr1	279683	279783
chr1	279818	279918
chr1	279972	280072
chr1	280097	280197
chr1	280299	280399
chr1	280470	280570
chr1	280662	280762
chr1	280881	280981
chr1	281015	281115
chr1	281160	281260
chr1	281638	281738
chr1	281807	281907
chr1	281961	282061
chr1	282086	282186
chr1	282242	282342
chr1	282369	282469
chr1	282553	282653
chr1	282813	282913
chr1	283282	283382
chr1	283684	283784
chr1	283812	283912
chr1	283941	284041
chr1	284485	284585
chr1	284603	284703
chr1	284894	284994
chr1	285043	285143
chr1	285151	285251
chr1	285381	285481
chr1	285487	285587
chr1	285824	285924
chr1	286386	286486
chr1	286505	286605
chr1	286624	286724
chr1	287093	287193
chr1	287359	287459
chr1	287502	287602
chr1	287698	287798
chr1	287834	287934
chr1	288055	288155
chr1	288271	288371
chr1	288392	288492
chr1	288514	288614
chr1	288655	288755
chr1	288788	288888
chr1	289002	289102
chr1	289735	289835
chr1	289867	289967
chr1	289981	290081
chr1	290182	290282
chr1	290519	290619
chr1	290730	290830
chr1	290853	290953
chr1	291001	291101
chr1	291171	291271
chr1	291348	291448
chr1	291649	291749
chr1	291819	291919
chr1	291957	292057
chr1	292113	292213
chr1	292301	292401
chr1	292644	292744
chr1	292756	292856
chr1	292906	293006
chr1	293052	293152
chr1	293351	293451
chr1	293689	293789
chr1	293950	294050
chr1	294079	294179
chr1	294298	294398
chr1	294461	294561
chr1	294721	294821
chr1	294846	294946
chr1	294970	295070
chr1	295215	295315
chr1	295389	295489
chr1	295498	295598
chr1	295626	295726
chr1	295847	295947
chr1	296095	296195
chr1	296225	296325
chr1	296415	296515
chr1	296518	296618
chr1	296621	296721
chr1	296780	296880
chr1	296896	296996
chr1	297003	297103
chr1	297110	297210
chr1	297245	297345
chr1	297348	297448
chr1	297479	297579
chr1	297721	297821
chr1	297900	298000
chr1	298085	298185
chr1	298251	298351
chr1	298381	298481
chr1	298534	298634
chr1	298740	298840
chr1	298873	298973
chr1	299036	299136
chr1	299273	299373
chr1	299522	299622
chr1	299670	299770
chr1	299783	299883
chr1	299909	300009
chr1	300102	300202
chr1	300353	300453
chr1	300485	300585
chr1	300589	300689
chr1	300730	300830
chr1	300836	300936
chr1	300963	301063
chr1	301231	301331
chr1	301468	301568
chr1	301596	301696
chr1	301834	301934
chr1	302020	302120
chr1	302180	302280
chr1	302335	302435
chr1	302706	302806
chr1	302814	302914
chr1	302941	303041
chr1	303042	303142
chr1	303223	303323
chr1	303570	303670
chr1	303676	303776
chr1	303787	303887
chr1	303939	304039
chr1	304047	304147
chr1	304200	304300
chr1	304377	304477
chr1	304496	304596
chr1	304597	304697
chr1	305331	305431
chr1	305500	305600
chr1	305631	305731
chr1	305744	305844
chr1	305966	306066
chr1	306148	306248
chr1	306260	306360
chr1	306559	306659
chr1	306661	306761
chr1	306854	306954
chr1	307052	307152
chr1	307818	307918
chr1	308184	308284
chr1	308372	308472
chr1	308476	308576
chr1	308804	308904
chr1	308961	309061
chr1	309154	309254
chr1	309267	309367
chr1	309486	309586
chr1	309660	309760
chr1	309776	309876
chr1	309955	310055
chr1	310113	310213
chr1	310223	310323
chr1	310347	310447
chr1	310455	310555
chr1	310593	310693
chr1	310712	310812
chr1	310936	311036
chr1	311078	311178
chr1	311240	311340
chr1	311391	311491
chr1	311583	311683
chr1	311713	311813
chr1	311925	312025
chr1	312032	312132
chr1	312172	312272
chr1	312351	312451
chr1	312567	312667
chr1	312692	312792
chr1	312793	312893
chr1	312904	313004
chr1	313035	313135
chr1	313284	313384
chr1	313532	313632
chr1	313646	313746
chr1	313813	313913
chr1	313975	314075
chr1	314099	314199
chr1	314268	314368
chr1	314472	314572
chr1	314654	314754
chr1	314767	314867
chr1	314876	314976
chr1	315007	315107
chr1	315173	315273
chr1	315305	315405
chr1	315472	315572
chr1	315631	315731
chr1	315804	315904
chr1	316143	316243
chr1	316345	316445
chr1	316480	316580
chr1	316648	316748
chr1	316900	317000
chr1	317216	317316
chr1	317344	317444
chr1	317633	317733
chr1	317838	317938
chr1	317965	318065
chr1	318170	318270
chr1	318714	318814
chr1	318937	319037
chr1	319235	319335
chr1	319495	319595
chr1	319875	319975
chr1	320011	320111
chr1	320247	320347
chr1	320627	320727
chr1	320850	320950
chr1	321145	321245
chr1	321300	321400
chr1	321437	321537
chr1	321568	321668
chr1	321739	321839
chr1	321880	321980
chr1	322083	322183
chr1	322186	322286
chr1	322489	322589
chr1	322601	322701
chr1	322758	322858
chr1	323114	323214
chr1	323339	323439
chr1	323487	323587
chr1	323684	323784
chr1	324008	324108
chr1	324159	324259
chr1	324278	324378
chr1	324385	324485
chr1	324519	324619
chr1	324705	324805
chr1	325141	325241
chr1	325319	325419
chr1	325482	325582
chr1	325598	325698
chr1	326082	326182
chr1	326281	326381
chr1	326545	326645
chr1	326736	326836
chr1	326942	327042
chr1	327110	327210
chr1	327254	327354
chr1	327467	327567
chr1	327653	327753
chr1	327815	327915
chr1	328136	328236
chr1	328262	328362
chr1	328420	328520
chr1	328562	328662
chr1	328806	328906
chr1	329006	329106
chr1	329246	329346
chr1	329783	329883
chr1	329903	330003
chr1	330023	330123
chr1	330291	330391
chr1	330474	330574
chr1	330645	330745
chr1	330825	330925
chr1	331149	331249
chr1	331341	331441
chr1	331541	331641
chr1	331993	332093
chr1	332266	332366
chr1	332840	332940
chr1	333193	333293
chr1	333346	333446
chr1	333468	333568
chr1	333714	333814
chr1	333861	333961
chr1	333962	334062
chr1	334150	334250
chr1	334312	334412
chr1	334418	334518
chr1	334601	334701
chr1	334731	334831
chr1	335116	335216
chr1	335255	335355
chr1	335429	335529
chr1	335539	335639
chr1	335794	335894
chr1	336047	336147
chr1	336169	336269
chr1	336338	336438
chr1	336539	336639
chr1	336677	336777
chr1	336928	337028
chr1	337052	337152
chr1	337275	337375
chr1	337503	337603
chr1	337691	337791
chr1	338204	338304
chr1	338309	338409
chr1	338457	338557
chr1	338709	338809
chr1	338951	339051
chr1	339117	339217
chr1	339376	339476
chr1	339499	339599
chr1	339614	339714
chr1	340113	340213
chr1	340275	340375
chr1	340377	340477
chr1	340574	340674
chr1	340761	340861
chr1	340891	340991
chr1	341191	341291
chr1	341315	341415
chr1	341573	341673
chr1	341688	341788
chr1	341920	342020
chr1	342062	342162
chr1	342208	342308
chr1	342431	342531
chr1	342578	342678
chr1	342754	342854
chr1	342959	343059
chr1	343160	343260
chr1	343291	343391
chr1	343648	343748
chr1	344064	344164
chr1	344289	344389
chr1	344407	344507
chr1	344695	344795
chr1	344803	344903
chr1	344907	345007
chr1	345091	345191
chr1	345240	345340
chr1	345382	345482
chr1	345512	345612
chr1	345675	345775
chr1	345944	346044
chr1	346064	346164
chr1	346186	346286
chr1	346339	346439
chr1	346481	346581
chr1	346626	346726
chr1	346729	346829
chr1	346966	347066
chr1	347595	347695
chr1	347831	347931
chr1	347952	348052
chr1	348203	348303
chr1	348377	348477
chr1	348531	348631
chr1	348643	348743
chr1	348823	348923
chr1	349038	349138
chr1	349209	349309
chr1	349368	349468
chr1	349697	349797
chr1	350043	350143
chr1	350179	350279
chr1	350384	350484
chr1	350504	350604
chr1	350629	350729
chr1	350894	350994
chr1	351059	351159
chr1	351479	351579
chr1	351660	351760
chr1	351901	352001
chr1	352173	352273
chr1	352301	352401
chr1	352453	352553
chr1	352905	353005
chr1	353143	353243
chr1	353268	353368
chr1	353456	353556
chr1	353677	353777
chr1	353798	353898
chr1	353899	353999
chr1	354036	354136
chr1	354289	354389
chr1	354646	354746
chr1	355034	355134
chr1	355251	355351
chr1	355365	355465
chr1	355482	355582
chr1	355839	355939
chr1	355956	356056
chr1	356059	356159
chr1	356185	356285
chr1	356397	356497
chr1	356706	356806
chr1	357051	357151
chr1	357229	357329
chr1	357709	357809
chr1	358092	358192
chr1	358246	358346
chr1	358472	358572
chr1	358645	358745
chr1	358922	359022
chr1	359136	359236
chr1	359488	359588
chr1	359603	359703
chr1	359746	359846
chr1	359944	360044
chr1	360047	360147
chr1	360162	360262
chr1	360271	360371
chr1	360407	360507
chr1	360709	360809
chr1	360814	360914
chr1	361065	361165
chr1	361222	361322
chr1	361326	361426
chr1	361799	361899
chr1	361917	362017
chr1	362046	362146
chr1	362172	362272
chr1	362308	362408
chr1	362499	362599
chr1	362672	362772
chr1	362822	362922
chr1	362986	363086
chr1	363139	363239
chr1	363321	363421
chr1	363457	363557
chr1	363758	363858
chr1	364125	364225
chr1	364288	364388
chr1	364459	364559
chr1	364564	364664
chr1	364835	364935
chr1	364950	365050
chr1	365105	365205
chr1	365234	365334
chr1	365483	365583
chr1	365653	365753
chr1	365766	365866
chr1	366007	366107
chr1	366548	366648
chr1	366655	366755
chr1	366908	367008
chr1	367049	367149
chr1	367254	367354
chr1	367377	367477
chr1	367494	367594
chr1	367606	367706
chr1	367864	367964
chr1	368009	368109
chr1	368133	368233
chr1	368277	368377
chr1	368417	368517
chr1	368637	368737
chr1	368869	368969
chr1	369012	369112
chr1	369117	369217
chr1	369220	369320
chr1	369363	369463
chr1	369505	369605
chr1	369854	369954
chr1	370080	370180
chr1	370266	370366
chr1	370367	370467
chr1	370611	370711
chr1	370716	370816
chr1	370891	370991
chr1	371148	371248
chr1	371350	371450
chr1	371760	371860
chr1	371922	372022
chr1	372144	372244
chr1	372440	372540
chr1	372879	372979
chr1	373103	373203
chr1	373269	373369
chr1	373463	373563
chr1	373626	373726
chr1	373819	373919
chr1	373932	374032
chr1	374134	374234
chr1	374354	374454
chr1	374710	374810
chr1	375119	375219
chr1	375265	375365
chr1	375534	375634
chr1	375650	375750
chr1	375938	376038
chr1	376325	376425
chr1	376499	376599
chr1	376600	376700
chr1	376783	376883
chr1	376894	376994
chr1	377052	377152
chr1	377181	377281
chr1	377300	377400
chr1	377424	377524
chr1	377580	377680
chr1	377685	377785
chr1	377855	377955
chr1	377992	378092
chr1	378133	378233
chr1	378275	378375
chr1	378515	378615
chr1	378776	378876
chr1	378965	379065
chr1	379365	379465
chr1	379474	379574
chr1	379758	379858
chr1	380113	380213
chr1	380327	380427
chr1	380728	380828
chr1	380988	381088
chr1	381192	381292
chr1	381311	381411
chr1	381479	381579
chr1	381584	381684
chr1	381694	381794
chr1	381816	381916
chr1	381998	382098
chr1	382110	382210
chr1	382259	382359
chr1	382559	382659
chr1	382730	382830
chr1	382934	383034
chr1	383048	383148
chr1	383168	383268
chr1	383310	383410
chr1	383651	383751
chr1	383826	383926
chr1	384198	384298
chr1	384433	384533
chr1	384558	384658
chr1	384694	384794
chr1	384874	384974
chr1	385064	385164
chr1	385184	385284
chr1	385296	385396
chr1	385587	385687
chr1	385816	385916
chr1	385945	386045
chr1	386089	386189
chr1	386191	386291
chr1	386303	386403
chr1	386470	386570
chr1	386706	386806
chr1	387084	387184
chr1	387310	387410
chr1	387752	387852
chr1	387855	387955
chr1	387994	388094
chr1	388215	388315
chr1	388560	388660
chr1	388708	388808
chr1	388896	388996
chr1	389003	389103
chr1	389520	389620
chr1	389633	389733
chr1	389843	389943
chr1	390048	390148
chr1	390212	390312
chr1	390457	390557
chr1	390586	390686
chr1	390699	390799
chr1	390873	390973
chr1	391029	391129
chr1	391278	391378
chr1	391405	391505
chr1	391554	391654
chr1	391689	391789
chr1	392093	392193
chr1	392212	392312
chr1	392659	392759
chr1	392839	392939
chr1	392953	393053
chr1	393098	393198
chr1	393243	393343
chr1	393543	393643
chr1	393684	393784
chr1	393833	393933
chr1	394103	394203
chr1	394213	394313
chr1	394374	394474
chr1	394740	394840
chr1	395002	395102
chr1	395389	395489
chr1	395517	395617
chr1	395773	395873
chr1	395904	396004
chr1	396044	396144
chr1	396154	396254
chr1	396348	396448
chr1	396569	396669
chr1	396705	396805
chr1	396822	396922
chr1	397253	397353
chr1	397368	397468
chr1	397532	397632
chr1	397643	397743
chr1	397759	397859
chr1	397925	398025
chr1	398043	398143
chr1	398147	398247
chr1	398311	398411
chr1	398635	398735
chr1	398777	398877
chr1	398897	398997
chr1	399378	399478
chr1	399537	399637
chr1	399788	399888
chr1	399901	400001
chr1	400088	400188
chr1	400209	400309
chr1	400340	400440
chr1	400442	400542
chr1	400614	400714
chr1	400721	400821
chr1	400997	401097
chr1	401159	401259
chr1	401392	401492
chr1	401592	401692
chr1	401723	401823
chr1	401966	402066
chr1	402197	402297
chr1	402420	402520
chr1	402633	402733
chr1	402839	402939
chr1	403010	403110
chr1	403147	403247
chr1	403495	403595
chr1	403626	403726
chr1	403806	403906
chr1	403924	404024
chr1	404050	404150
chr1	404171	404271
chr1	404302	404402
chr1	404492	404592
chr1	404841	404941
chr1	405057	405157
chr1	405214	405314
chr1	405377	405477
chr1	405502	405602
chr1	405688	405788
chr1	405925	406025
chr1	406184	406284
chr1	406350	406450
chr1	406467	406567
chr1	406809	406909
chr1	407038	407138
chr1	407223	407323
chr1	407568	407668
chr1	407968	408068
chr1	408146	408246
chr1	408353	408453
chr1	408459	408559
chr1	408752	408852
chr1	409048	409148
chr1	409272	409372
chr1	409574	409674
chr1	409711	409811
chr1	409880	409980
chr1	410136	410236
chr1	410329	410429
chr1	410509	410609
chr1	410741	410841
chr1	411025	411125
chr1	411136	411236
chr1	411266	411366
chr1	411454	411554
chr1	411638	411738
chr1	411770	411870
chr1	411893	411993
chr1	412044	412144
chr1	412415	412515
chr1	412631	412731
chr1	412973	413073
chr1	413365	413465
chr1	413510	413610
chr1	413930	414030
chr1	414175	414275
chr1	414277	414377
chr1	414380	414480
chr1	414484	414584
chr1	414621	414721
chr1	414880	414980
chr1	415214	415314
chr1	415682	415782
chr1	415959	416059
chr1	416067	416167
chr1	416250	416350
chr1	416589	416689
chr1	416703	416803
chr1	416897	416997
chr1	417020	417120
chr1	417221	417321
chr1	417367	417467
chr1	417838	417938
chr1	418036	418136
chr1	418180	418280
chr1	418314	418414
chr1	418463	418563
chr1	418597	418697
chr1	418732	418832
chr1	418976	419076
chr1	419178	419278
chr1	419327	419427
chr1	419515	419615
chr1	419618	419718
chr1	420164	420264
chr1	420275	420375
chr1	420446	420546
chr1	420564	420664
chr1	420795	420895
chr1	420934	421034
chr1	421174	421274
chr1	421283	421383
chr1	421516	421616
chr1	421890	421990
chr1	422227	422327
chr1	422332	422432
chr1	422504	422604
chr1	422640	422740
chr1	422916	423016
chr1	423051	423151
chr1	423375	423475
chr1	423509	423609
chr1	423682	423782
chr1	423860	423960
chr1	424093	424193
chr1	424367	424467
chr1	424587	424687
chr1	424705	424805
chr1	425068	425168
chr1	425210	425310
chr1	425368	425468
chr1	425553	425653
chr1	425886	425986
chr1	426014	426114
chr1	426131	426231
chr1	426337	426437
chr1	426876	426976
chr1	427304	427404
chr1	427647	427747
chr1	427929	428029
chr1	428043	428143
chr1	428192	428292
chr1	428320	428420
chr1	428476	428576
chr1	428615	428715
chr1	428858	428958
chr1	429024	429124
chr1	429234	429334
chr1	429356	429456
chr1	429855	429955
chr1	429956	430056
chr1	430212	430312
chr1	430315	430415
chr1	430470	430570
chr1	430698	430798
chr1	430820	430920
chr1	431003	431103
chr1	431254	431354
chr1	431722	431822
chr1	431963	432063
chr1	432128	432228
chr1	432390	432490
chr1	432495	432595
chr1	432687	432787
chr1	432923	433023
chr1	433035	433135
chr1	433175	433275
chr1	433335	433435
chr1	433665	433765
chr1	433871	433971
chr1	434012	434112
chr1	434237	434337
chr1	434355	434455
chr1	434689	434789
chr1	434879	434979
chr1	435003	435103
chr1	435208	435308
chr1	435502	435602
chr1	435631	435731
chr1	435955	436055
chr1	436122	436222
chr1	436262	436362
chr1	436363	436463
chr1	436624	436724
chr1	436731	436831
chr1	436856	436956
chr1	436966	437066
chr1	437096	437196
chr1	437275	437375
chr1	437465	437565
chr1	437577	437677
chr1	437726	437826
chr1	437829	437929
chr1	438034	438134
chr1	438148	438248
chr1	438352	438452
chr1	438600	438700
chr1	438830	438930
chr1	438952	439052
chr1	439096	439196
chr1	439412	439512
chr1	439564	439664
chr1	439686	439786
chr1	439913	440013
chr1	440015	440115
chr1	440172	440272
chr1	440473	440573
chr1	440649	440749
chr1	440872	440972
chr1	441066	441166
chr1	441208	441308
chr1	441360	441460
chr1	441480	441580
chr1	441685	441785
chr1	441928	442028
chr1	442154	442254
chr1	442397	442497
chr1	442509	442609
chr1	442748	442848
chr1	443255	443355
chr1	443512	443612
chr1	443657	443757
chr1	443803	443903
chr1	443952	444052
chr1	444064	444164
chr1	444339	444439
chr1	444551	444651
chr1	444694	444794
chr1	444830	444930
chr1	444974	445074
chr1	445096	445196
chr1	445457	445557
chr1	445558	445658
chr1	445674	445774
chr1	445963	446063
chr1	446118	446218
chr1	446229	446329
chr1	446447	446547
chr1	446589	446689
chr1	446741	446841
chr1	447077	447177
chr1	447281	447381
chr1	447445	447545
chr1	447711	447811
chr1	447879	447979
chr1	448175	448275
chr1	448304	448404
chr1	448558	448658
chr1	448874	448974
chr1	449304	449404
chr1	449426	449526
chr1	449751	449851
chr1	449955	450055
chr1	450141	450241
chr1	450469	450569
chr1	450596	450696
chr1	450746	450846
chr1	450863	450963
chr1	451029	451129
chr1	451139	451239
chr1	451279	451379
chr1	451535	451635
chr1	451655	451755
chr1	451802	451902
chr1	451988	452088
chr1	452182	452282
chr1	452327	452427
chr1	452432	452532
chr1	452544	452644
chr1	452740	452840
chr1	452861	452961
chr1	453003	453103
chr1	453124	453224
chr1	453302	453402
chr1	453419	453519
chr1	453692	453792
chr1	453810	453910
chr1	454041	454141
chr1	454143	454243
chr1	454312	454412
chr1	454455	454555
chr1	454588	454688
chr1	454839	454939
chr1	454948	455048
chr1	455067	455167
chr1	455333	455433
chr1	455548	455648
chr1	455682	455782
chr1	455851	455951
chr1	455954	456054
chr1	456326	456426
chr1	456569	456669
chr1	456761	456861
chr1	457018	457118
chr1	457184	457284
chr1	457287	457387
chr1	457418	457518
chr1	457903	458003
chr1	458069	458169
chr1	458265	458365
chr1	458373	458473
chr1	458519	458619
chr1	458729	458829
chr1	458970	459070
chr1	459184	459284
chr1	459379	459479
chr1	459553	459653
chr1	459686	459786
chr1	460013	460113
chr1	460196	460296
chr1	460330	460430
chr1	460456	460556
chr1	460565	460665
chr1	460718	460818
chr1	460864	460964
chr1	461110	461210
chr1	461218	461318
chr1	461420	461520
chr1	461622	461722
chr1	461881	461981
chr1	462107	462207
chr1	462208	462308
chr1	462454	462554
chr1	462606	462706
chr1	462740	462840
chr1	462964	463064
chr1	463104	463204
chr1	463282	463382
chr1	463432	463532
chr1	464038	464138
chr1	464410	464510
chr1	464617	464717
chr1	464920	465020
chr1	465155	465255
chr1	465517	465617
chr1	465679	465779
chr1	465968	466068
chr1	466231	466331
chr1	466588	466688
chr1	466696	466796
chr1	466834	466934
chr1	466941	467041
chr1	467228	467328
chr1	467412	467512
chr1	467534	467634
chr1	467643	467743
chr1	467894	467994
chr1	468131	468231
chr1	468434	468534
chr1	468591	468691
chr1	468786	468886
chr1	468985	469085
chr1	469172	469272
chr1	469337	469437
chr1	469470	469570
chr1	469633	469733
chr1	469871	469971
chr1	470166	470266
chr1	470287	470387
chr1	470595	470695
chr1	470747	470847
chr1	470886	470986
chr1	471028	471128
chr1	471144	471244
chr1	471404	471504
chr1	471520	471620
chr1	471711	471811
chr1	471847	471947
chr1	472039	472139
chr1	472329	472429
chr1	472475	472575
chr1	472644	472744
chr1	472801	472901
chr1	473074	473174
chr1	473316	473416
chr1	473498	473598
chr1	473690	473790
chr1	473881	473981
chr1	474031	474131
chr1	474225	474325
chr1	474371	474471
chr1	474510	474610
chr1	474719	474819
chr1	474994	475094
chr1	475248	475348
chr1	475425	475525
chr1	475548	475648
chr1	475943	476043
chr1	476265	476365
chr1	476495	476595
chr1	476649	476749
chr1	476787	476887
chr1	476946	477046
chr1	477193	477293
chr1	477522	477622
chr1	477668	477768
chr1	477887	477987
chr1	478018	478118
chr1	478160	478260
chr1	478418	478518
chr1	478616	478716
chr1	478719	478819
chr1	479188	479288
chr1	479324	479424
chr1	479636	479736
chr1	479810	479910
chr1	479976	480076
chr1	480133	480233
chr1	480308	480408
chr1	480519	480619
chr1	480753	480853
chr1	480875	480975
chr1	481156	481256
chr1	481408	481508
chr1	481628	481728
chr1	481916	482016
chr1	482074	482174
chr1	482310	482410
chr1	482470	482570
chr1	482571	482671
chr1	482681	482781
chr1	482855	482955
chr1	483176	483276
chr1	483299	483399
chr1	483407	483507
chr1	483517	483617
chr1	483624	483724
chr1	483768	483868
chr1	483947	484047
chr1	484090	484190
chr1	484290	484390
chr1	484498	484598
chr1	484839	484939
chr1	484958	485058
chr1	485154	485254
chr1	485449	485549
chr1	485612	485712
chr1	485722	485822
chr1	486249	486349
chr1	486403	486503
chr1	486558	486658
chr1	486674	486774
chr1	486851	486951
chr1	487060	487160
chr1	487364	487464
chr1	487466	487566
chr1	487622	487722
chr1	488162	488262
chr1	488419	488519
chr1	488556	488656
chr1	488685	488785
chr1	488998	489098
chr1	489219	489319
chr1	489350	489450
chr1	489462	489562
chr1	489568	489668
chr1	489861	489961
chr1	489992	490092
chr1	490099	490199
chr1	490447	490547
chr1	490580	490680
chr1	490709	490809
chr1	490889	490989
chr1	490996	491096
chr1	491109	491209
chr1	491276	491376
chr1	491710	491810
chr1	491819	491919
chr1	491928	492028
chr1	492134	492234
chr1	492736	492836
chr1	492897	492997
chr1	493222	493322
chr1	493421	493521
chr1	493662	493762
chr1	493770	493870
chr1	493882	493982
chr1	494113	494213
chr1	494266	494366
chr1	494397	494497
chr1	494525	494625
chr1	494681	494781
chr1	494961	495061
chr1	495179	495279
chr1	495306	495406
chr1	495484	495584
chr1	495642	495742
chr1	495751	495851
chr1	495907	496007
chr1	496066	496166
chr1	496184	496284
chr1	496845	496945
chr1	497033	497133
chr1	497193	497293
chr1	497341	497441
chr1	497618	497718
chr1	497731	497831
chr1	497868	497968
chr1	497986	498086
chr1	498185	498285
chr1	498672	498772
chr1	498892	498992
chr1	499143	499243
chr1	499254	499354
chr1	499382	499482
chr1	499635	499735
chr1	499888	499988
chr1	500052	500152
chr1	500206	500306
chr1	500448	500548
chr1	500617	500717
chr1	500803	500903
chr1	500942	501042
chr1	501077	501177
chr1	501194	501294
chr1	501678	501778
chr1	501926	502026
chr1	502199	502299
chr1	502574	502674
chr1	502700	502800
chr1	502892	502992
chr1	503033	503133
chr1	503142	503242
chr1	503441	503541
chr1	503752	503852
chr1	503874	503974
chr1	504213	504313
chr1	504403	504503
chr1	504796	504896
chr1	504964	505064
chr1	505131	505231
chr1	505427	505527
chr1	505549	505649
chr1	505731	505831
chr1	506133	506233
chr1	506365	506465
chr1	506548	506648
chr1	506988	507088
chr1	507344	507444
chr1	507476	507576
chr1	507605	507705
chr1	507730	507830
chr1	507836	507936
chr1	508254	508354
chr1	508368	508468
chr1	508797	508897
chr1	508952	509052
chr1	509077	509177
chr1	509222	509322
chr1	509460	509560
chr1	509582	509682
chr1	509693	509793
chr1	509895	509995
chr1	510115	510215
chr1	510305	510405
chr1	510475	510575
chr1	511037	511137
chr1	511185	511285
chr1	511307	511407
chr1	511455	511555
chr1	511665	511765
chr1	512318	512418
chr1	512525	512625
chr1	512764	512864
chr1	512892	512992
chr1	512995	513095
chr1	513185	513285
chr1	513317	513417
chr1	513527	513627
chr1	513635	513735
chr1	513864	513964
chr1	514097	514197
chr1	514212	514312
chr1	514408	514508
chr1	514606	514706
chr1	514831	514931
chr1	514961	515061
chr1	515073	515173
chr1	515526	515626
chr1	515683	515783
chr1	516075	516175
chr1	516197	516297
chr1	516638	516738
chr1	516813	516913
chr1	517064	517164
chr1	517286	517386
chr1	517476	517576
chr1	517598	517698
chr1	517734	517834
chr1	517869	517969
chr1	518023	518123
chr1	518155	518255
chr1	518375	518475
chr1	518509	518609
chr1	518745	518845
chr1	518926	519026
chr1	519529	519629
chr1	519656	519756
chr1	519816	519916
chr1	519964	520064
chr1	520226	520326
chr1	520329	520429
chr1	520456	520556
chr1	520583	520683
chr1	520716	520816
chr1	520883	520983
chr1	521012	521112
chr1	521366	521466
chr1	521476	521576
chr1	521788	521888
chr1	521953	522053
chr1	522102	522202
chr1	522297	522397
chr1	522493	522593
chr1	522727	522827
chr1	522930	523030
chr1	523150	523250
chr1	523515	523615
chr1	523631	523731
chr1	523750	523850
chr1	524002	524102
chr1	524157	524257
chr1	524389	524489
chr1	524526	524626
chr1	524669	524769
chr1	524987	525087
chr1	525139	525239
chr1	525312	525412
chr1	525505	525605
chr1	525619	525719
chr1	525762	525862
chr1	526023	526123
chr1	526174	526274
chr1	526334	526434
chr1	526486	526586
chr1	526808	526908
chr1	526921	527021
chr1	527228	527328
chr1	527504	527604
chr1	527692	527792
chr1	527851	527951
chr1	528000	528100
chr1	528116	528216
chr1	528345	528445
chr1	528561	528661
chr1	528889	528989
chr1	529008	529108
chr1	529216	529316
chr1	529369	529469
chr1	529809	529909
chr1	530029	530129
chr1	530291	530391
chr1	530425	530525
chr1	530667	530767
chr1	530923	531023
chr1	531027	531127
chr1	531199	531299
chr1	531471	531571
chr1	531613	531713
chr1	531735	531835
chr1	532281	532381
chr1	532392	532492
chr1	532498	532598
chr1	532600	532700
chr1	532797	532897
chr1	532903	533003
chr1	533127	533227
chr1	533290	533390
chr1	533637	533737
chr1	533778	533878
chr1	533884	533984
chr1	534031	534131
chr1	534132	534232
chr1	534241	534341
chr1	534388	534488
chr1	534624	534724
chr1	534913	535013
chr1	535039	535139
chr1	535172	535272
chr1	535311	535411
chr1	535424	535524
chr1	535560	535660
chr1	535849	535949
chr1	536073	536173
chr1	536418	536518
chr1	536523	536623
chr1	536776	536876
chr1	536881	536981
chr1	537012	537112
chr1	537339	537439
chr1	537522	537622
chr1	537632	537732
chr1	537753	537853
chr1	537877	537977
chr1	538148	538248
chr1	538252	538352
chr1	538448	538548
chr1	538727	538827
chr1	539151	539251
chr1	539408	539508
chr1	539740	539840
chr1	539931	540031
chr1	540051	540151
chr1	540189	540289
chr1	540326	540426
chr1	540797	540897
chr1	540951	541051
chr1	541381	541481
chr1	541723	541823
chr1	541875	541975
chr1	542117	542217
chr1	542317	542417
chr1	542474	542574
chr1	542749	542849
chr1	542973	543073
chr1	543125	543225
chr1	543498	543598
chr1	543624	543724
chr1	544013	544113
chr1	544252	544352
chr1	544365	544465
chr1	544474	544574
chr1	544599	544699
chr1	544754	544854
chr1	544941	545041
chr1	545073	545173
chr1	545197	545297
chr1	545330	545430
chr1	545500	545600
chr1	545633	545733
chr1	545864	545964
chr1	546012	546112
chr1	546338	546438
chr1	546490	546590
chr1	546650	546750
chr1	546942	547042
chr1	547181	547281
chr1	547398	547498
chr1	547499	547599
chr1	548051	548151
chr1	548228	548328
chr1	548340	548440
chr1	548467	548567
chr1	548596	548696
chr1	548699	548799
chr1	549034	549134
chr1	549381	549481
chr1	549571	549671
chr1	549686	549786
chr1	549990	550090
chr1	550280	550380
chr1	550466	550566
chr1	550683	550783
chr1	550854	550954
chr1	551000	551100
chr1	551307	551407
chr1	551440	551540
chr1	551627	551727
chr1	551785	551885
chr1	551932	552032
chr1	552046	552146
chr1	552155	552255
chr1	552273	552373
chr1	552380	552480
chr1	552714	552814
chr1	552920	553020
chr1	553023	553123
chr1	553192	553292
chr1	553305	553405
chr1	553490	553590
chr1	553677	553777
chr1	553789	553889
chr1	553936	554036
chr1	554112	554212
chr1	554350	554450
chr1	554455	554555
chr1	554606	554706
chr1	554716	554816
chr1	554835	554935
chr1	555028	555128
chr1	555177	555277
chr1	555290	555390
chr1	555488	555588
chr1	555716	555816
chr1	555937	556037
chr1	556325	556425
chr1	556471	556571
chr1	556657	556757
chr1	556867	556967
chr1	557062	557162
chr1	557197	557297
chr1	557522	557622
chr1	557708	557808
chr1	557893	557993
chr1	558011	558111
chr1	558153	558253
chr1	558286	558386
chr1	558546	558646
chr1	558792	558892
chr1	559087	559187
chr1	559191	559291
chr1	559323	559423
chr1	559471	559571
chr1	559577	559677
chr1	559687	559787
chr1	559903	560003
chr1	560031	560131
chr1	560157	560257
chr1	560391	560491
chr1	560521	560621
chr1	560623	560723
chr1	560822	560922
chr1	561092	561192
chr1	561200	561300
chr1	561314	561414
chr1	561475	561575
chr1	561639	561739
chr1	561896	561996
chr1	562028	562128
chr1	562207	562307
chr1	562321	562421
chr1	562582	562682
chr1	562978	563078
chr1	563169	563269
chr1	563451	563551
chr1	563610	563710
chr1	563733	563833
chr1	563907	564007
chr1	564035	564135
chr1	564242	564342
chr1	564370	564470
chr1	564551	564651
chr1	564819	564919
chr1	565016	565116
chr1	565200	565300
chr1	565310	565410
chr1	565440	565540
chr1	565614	565714
chr1	565733	565833
chr1	565857	565957
chr1	565990	566090
chr1	566138	566238
chr1	566244	566344
chr1	566441	566541
chr1	566580	566680
chr1	566753	566853
chr1	566927	567027
chr1	567086	567186
chr1	567280	567380
chr1	567470	567570
chr1	567580	567680
chr1	567693	567793
chr1	567794	567894
chr1	567900	568000
chr1	568003	568103
chr1	568107	568207
chr1	568290	568390
chr1	568410	568510
chr1	568517	568617
chr1	568642	568742
chr1	568817	568917
chr1	569164	569264
chr1	569320	569420
chr1	569491	569591
chr1	569635	569735
chr1	569764	569864
chr1	569877	569977
chr1	569980	570080
chr1	570212	570312
chr1	570375	570475
chr1	570492	570592
chr1	570636	570736
chr1	570887	570987
chr1	571009	571109
chr1	571185	571285
chr1	571323	571423
chr1	571443	571543
chr1	571792	571892
chr1	571899	571999
chr1	572002	572102
chr1	572164	572264
chr1	572317	572417
chr1	572436	572536
chr1	572815	572915
chr1	573301	573401
chr1	573571	573671
chr1	573739	573839
chr1	573972	574072
chr1	574101	574201
chr1	574238	574338
chr1	574674	574774
chr1	574814	574914
chr1	575051	575151
chr1	575357	575457
chr1	575483	575583
chr1	575723	575823
chr1	575879	575979
chr1	575984	576084
chr1	576106	576206
chr1	576353	576453
chr1	576458	576558
chr1	576577	576677
chr1	576795	576895
chr1	576927	577027
chr1	577239	577339
chr1	577378	577478
chr1	577582	577682
chr1	577761	577861
chr1	578072	578172
chr1	578194	578294
chr1	578605	578705
chr1	578980	579080
chr1	579232	579332
chr1	579357	579457
chr1	579480	579580
chr1	579643	579743
chr1	580017	580117
chr1	580370	580470
chr1	580502	580602
chr1	580650	580750
chr1	580784	580884
chr1	581063	581163
chr1	581206	581306
chr1	581318	581418
chr1	581458	581558
chr1	581782	581882
chr1	582342	582442
chr1	582517	582617
chr1	582750	582850
chr1	583177	583277
chr1	583285	583385
chr1	583450	583550
chr1	583656	583756
chr1	583759	583859
chr1	583883	583983
chr1	583993	584093
chr1	584115	584215
chr1	584523	584623
chr1	584644	584744
chr1	584929	585029
chr1	585046	585146
chr1	585218	585318
chr1	585481	585581
chr1	585621	585721
chr1	585749	585849
chr1	585889	585989
chr1	586140	586240
chr1	586260	586360
chr1	586425	586525
chr1	586535	586635
chr1	586665	586765
chr1	586797	586897
chr1	587046	587146
chr1	587184	587284
chr1	587285	587385
chr1	587452	587552
chr1	587600	587700
chr1	587755	587855
chr1	587872	587972
chr1	588261	588361
chr1	588367	588467
chr1	588613	588713
chr1	588974	589074
chr1	589129	589229
chr1	589361	589461
chr1	589553	589653
chr1	589741	589841
chr1	589911	590011
chr1	590115	590215
chr1	590456	590556
chr1	590830	590930
chr1	591224	591324
chr1	591412	591512
chr1	591558	591658
chr1	591670	591770
chr1	591998	592098
chr1	592315	592415
chr1	592501	592601
chr1	592664	592764
chr1	592810	592910
chr1	592948	593048
chr1	593158	593258
chr1	593279	593379
chr1	593384	593484
chr1	593537	593637
chr1	593795	593895
chr1	593939	594039
chr1	594048	594148
chr1	594242	594342
chr1	594370	594470
chr1	594626	594726
chr1	594772	594872
chr1	594943	595043
chr1	595051	595151
chr1	595237	595337
chr1	595514	595614
chr1	595627	595727
chr1	595733	595833
chr1	596325	596425
chr1	596463	596563
chr1	596589	596689
chr1	596772	596872
chr1	597034	597134
chr1	597158	597258
chr1	597341	597441
chr1	597502	597602
chr1	597781	597881
chr1	597942	598042
chr1	598168	598268
chr1	598284	598384
chr1	598530	598630
chr1	598856	598956
chr1	599057	599157
chr1	599285	599385
chr1	599548	599648
chr1	599746	599846
chr1	599860	599960
chr1	600016	600116
chr1	600154	600254
chr1	600436	600536
chr1	600664	600764
chr1	600832	600932
chr1	600952	601052
chr1	601664	601764
chr1	602136	602236
chr1	602317	602417
chr1	602490	602590
chr1	602601	602701
chr1	602814	602914
chr1	602940	603040
chr1	603123	603223
chr1	603296	603396
chr1	603505	603605
chr1	603816	603916
chr1	603937	604037
chr1	604224	604324
chr1	604422	604522
chr1	604581	604681
chr1	604896	604996
chr1	605101	605201
chr1	605246	605346
chr1	605411	605511
chr1	605576	605676
chr1	605851	605951
chr1	606046	606146
chr1	606244	606344
chr1	606374	606474
chr1	606665	606765
chr1	606788	606888
chr1	607038	607138
chr1	607236	607336
chr1	607462	607562
chr1	608037	608137
chr1	608299	608399
chr1	608426	608526
chr1	608875	608975
chr1	609021	609121
chr1	609140	609240
chr1	609390	609490
chr1	609531	609631
chr1	609738	609838
chr1	610014	610114
chr1	610205	610305
chr1	610450	610550
chr1	611055	611155
chr1	611192	611292
chr1	611337	611437
chr1	611539	611639
chr1	611674	611774
chr1	611827	611927
chr1	611964	612064
chr1	612130	612230
chr1	612246	612346
chr1	612396	612496
chr1	612760	612860
chr1	613107	613207
chr1	613268	613368
chr1	613463	613563
chr1	613644	613744
chr1	613874	613974
chr1	614031	614131
chr1	614331	614431
chr1	614478	614578
chr1	614614	614714
chr1	614811	614911
chr1	615001	615101
chr1	615162	615262
chr1	615314	615414
chr1	615569	615669
chr1	615698	615798
chr1	615848	615948
chr1	616025	616125
chr1	616165	616265
chr1	616314	616414
chr1	616418	616518
chr1	616579	616679
chr1	616769	616869
chr1	617102	617202
chr1	617380	617480
chr1	617509	617609
chr1	617723	617823
chr1	617841	617941
chr1	618002	618102
chr1	618169	618269
chr1	618410	618510
chr1	618712	618812
chr1	619019	619119
chr1	619308	619408
chr1	619556	619656
chr1	619699	619799
chr1	619837	619937
chr1	619955	620055
chr1	620418	620518
chr1	620546	620646
chr1	620701	620801
chr1	620815	620915
chr1	621070	621170
chr1	621247	621347
chr1	621377	621477
chr1	621495	621595
chr1	621910	622010
chr1	622151	622251
chr1	622252	622352
chr1	622378	622478
chr1	622652	622752
chr1	622769	622869
chr1	623592	623692
chr1	623723	623823
chr1	623869	623969
chr1	624086	624186
chr1	624229	624329
chr1	624342	624442
chr1	624551	624651
chr1	624721	624821
chr1	624953	625053
chr1	625072	625172
chr1	625177	625277
chr1	625581	625681
chr1	625852	625952
chr1	626416	626516
chr1	626721	626821
chr1	626848	626948
chr1	626965	627065
chr1	627086	627186
chr1	627384	627484
chr1	627739	627839
chr1	627960	628060
chr1	628157	628257
chr1	628267	628367
chr1	628413	628513
chr1	628538	628638
chr1	628666	628766
chr1	628788	628888
chr1	628948	629048
chr1	629278	629378
chr1	629409	629509
chr1	629621	629721
chr1	629755	629855
chr1	629930	630030
chr1	630040	630140
chr1	630336	630436
chr1	630482	630582
chr1	630600	630700
chr1	630717	630817
chr1	630821	630921
chr1	630995	631095
chr1	631245	631345
chr1	631512	631612
chr1	631639	631739
chr1	631740	631840
chr1	632210	632310
chr1	632355	632455
chr1	632515	632615
chr1	633200	633300
chr1	633301	633401
chr1	633473	633573
chr1	633587	633687
chr1	633794	633894
chr1	633961	634061
chr1	634443	634543
chr1	634599	634699
chr1	634750	634850
chr1	635102	635202
chr1	635209	635309
chr1	635421	635521
chr1	635567	635667
chr1	636138	636238
chr1	636331	636431
chr1	636668	636768
chr1	636784	636884
chr1	637062	637162
chr1	637183	637283
chr1	637508	637608
chr1	637774	637874
chr1	637955	638055
chr1	638248	638348
chr1	638763	638863
chr1	638903	639003
chr1	639076	639176
chr1	639392	639492
chr1	639836	639936
chr1	639950	640050
chr1	640154	640254
chr1	640338	640438
chr1	640508	640608
chr1	640688	640788
chr1	640955	641055
chr1	641187	641287
chr1	641409	641509
chr1	641856	641956
chr1	641963	642063
chr1	642080	642180
chr1	642235	642335
chr1	642387	642487
chr1	642508	642608
chr1	642896	642996
chr1	643085	643185
chr1	643238	643338
chr1	643365	643465
chr1	643576	643676
chr1	643832	643932
chr1	644385	644485
chr1	644591	644691
chr1	644727	644827
chr1	645125	645225
chr1	645434	645534
chr1	645625	645725
chr1	645785	645885
chr1	645891	645991
chr1	646078	646178
chr1	646383	646483
chr1	646912	647012
chr1	647067	647167
chr1	647264	647364
chr1	647419	647519
chr1	647544	647644
chr1	647755	647855
chr1	647907	648007
chr1	648073	648173
chr1	648330	648430
chr1	648460	648560
chr1	648734	648834
chr1	648959	649059
chr1	649239	649339
chr1	649466	649566
chr1	649710	649810
chr1	649998	650098
chr1	650183	650283
chr1	650410	650510
chr1	650519	650619
chr1	650647	650747
chr1	650867	650967
chr1	651055	651155
chr1	651188	651288
chr1	651404	651504
chr1	651544	651644
chr1	651888	651988
chr1	652042	652142
chr1	652247	652347
chr1	652366	652466
chr1	652589	652689
chr1	652721	652821
chr1	652830	652930
chr1	653162	653262
chr1	653447	653547
chr1	653792	653892
chr1	653898	653998
chr1	654072	654172
chr1	654194	654294
chr1	654392	654492
chr1	654532	654632
chr1	654674	654774
chr1	654854	654954
chr1	655061	655161
chr1	655220	655320
chr1	655353	655453
chr1	655762	655862
chr1	656016	656116
chr1	656143	656243
chr1	656364	656464
chr1	656637	656737
chr1	656956	657056
chr1	657217	657317
chr1	657446	657546
chr1	657640	657740
chr1	657766	657866
chr1	658141	658241
chr1	658330	658430
chr1	658583	658683
chr1	658697	658797
chr1	658836	658936
chr1	658959	659059
chr1	659166	659266
chr1	659267	659367
chr1	659446	659546
chr1	659628	659728
chr1	660091	660191
chr1	660350	660450
chr1	660465	660565
chr1	660694	660794
chr1	660858	660958
chr1	661029	661129
chr1	661192	661292
chr1	661391	661491
chr1	661651	661751
chr1	662000	662100
chr1	662153	662253
chr1	662282	662382
chr1	662536	662636
chr1	662721	662821
chr1	662838	662938
chr1	663103	663203
chr1	663218	663318
chr1	663321	663421
chr1	663429	663529
chr1	663681	663781
chr1	663863	663963
chr1	663988	664088
chr1	664180	664280
chr1	664359	664459
chr1	664524	664624
chr1	664706	664806
chr1	664860	664960
chr1	665037	665137
chr1	665191	665291
chr1	665409	665509
chr1	665639	665739
chr1	665752	665852
chr1	666015	666115
chr1	666157	666257
chr1	666294	666394
chr1	666428	666528
chr1	666651	666751
chr1	667043	667143
chr1	667221	667321
chr1	667326	667426
chr1	667522	667622
chr1	667775	667875
chr1	667986	668086
chr1	668150	668250
chr1	668311	668411
chr1	668444	668544
chr1	668604	668704
chr1	668707	668807
chr1	668812	668912
chr1	668973	669073
chr1	669074	669174
chr1	669176	669276
chr1	669530	669630
chr1	669636	669736
chr1	669772	669872
chr1	669912	670012
chr1	670028	670128
chr1	670278	670378
chr1	670405	670505
chr1	670807	670907
chr1	670977	671077
chr1	671092	671192
chr1	671232	671332
chr1	671416	671516
chr1	671547	671647
chr1	671715	671815
chr1	671907	672007
chr1	672045	672145
chr1	672186	672286
chr1	672358	672458
chr1	672753	672853
chr1	672864	672964
chr1	673062	673162
chr1	673166	673266
chr1	673273	673373
chr1	673504	673604
chr1	673625	673725
chr1	674157	674257
chr1	674318	674418
chr1	674502	674602
chr1	674604	674704
chr1	674736	674836
chr1	674932	675032
chr1	675057	675157
chr1	675271	675371
chr1	675593	675693
chr1	675818	675918
chr1	675935	676035
chr1	676161	676261
chr1	676582	676682
chr1	676837	676937
chr1	676960	677060
chr1	677135	677235
chr1	677337	677437
chr1	677527	677627
chr1	677649	677749
chr1	677751	677851
chr1	677907	678007
chr1	678036	678136
chr1	678243	678343
chr1	678395	678495
chr1	678763	678863
chr1	678886	678986
chr1	679252	679352
chr1	679381	679481
chr1	679526	679626
chr1	679650	679750
chr1	679773	679873
chr1	679937	680037
chr1	680057	680157
chr1	680461	680561
chr1	680601	680701
chr1	680728	680828
chr1	680942	681042
chr1	681089	681189
chr1	681314	681414
chr1	681474	681574
chr1	681923	682023
chr1	682090	682190
chr1	682237	682337
chr1	682452	682552
chr1	682601	682701
chr1	682759	682859
chr1	682934	683034
chr1	683053	683153
chr1	683159	683259
chr1	683305	683405
chr1	683543	683643
chr1	683931	684031
chr1	684040	684140
chr1	684145	684245
chr1	684376	684476
chr1	684520	684620
chr1	685059	685159
chr1	685248	685348
chr1	685352	685452
chr1	685461	685561
chr1	685599	685699
chr1	685891	685991
chr1	686006	686106
chr1	686119	686219
chr1	686252	686352
chr1	686401	686501
chr1	686805	686905
chr1	687034	687134
chr1	687206	687306
chr1	687459	687559
chr1	687687	687787
chr1	687840	687940
chr1	687999	688099
chr1	688145	688245
chr1	688253	688353
chr1	688402	688502
chr1	688532	688632
chr1	688696	688796
chr1	688798	688898
chr1	688960	689060
chr1	689090	689190
chr1	689224	689324
chr1	689407	689507
chr1	689648	689748
chr1	689800	689900
chr1	689917	690017
chr1	690108	690208
chr1	690574	690674
chr1	691032	691132
chr1	691185	691285
chr1	691312	691412
chr1	691461	691561
chr1	691719	691819
chr1	691937	692037
chr1	692059	692159
chr1	692171	692271
chr1	692423	692523
chr1	692723	692823
chr1	692978	693078
chr1	693223	693323
chr1	693389	693489
chr1	693594	693694
chr1	693861	693961
chr1	694016	694116
chr1	694121	694221
chr1	694415	694515
chr1	694745	694845
chr1	694909	695009
chr1	695081	695181
chr1	695217	695317
chr1	695345	695445
chr1	695593	695693
chr1	695790	695890
chr1	696169	696269
chr1	696311	696411
chr1	696618	696718
chr1	696770	696870
chr1	696877	696977
chr1	697099	697199
chr1	697211	697311
chr1	697332	697432
chr1	697567	697667
chr1	697726	697826
chr1	697856	697956
chr1	698204	698304
chr1	698326	698426
chr1	698471	698571
chr1	698573	698673
chr1	698863	698963
chr1	698981	699081
chr1	699160	699260
chr1	699369	699469
chr1	699505	699605
chr1	699651	699751
chr1	699771	699871
chr1	699911	700011
chr1	700120	700220
chr1	700408	700508
chr1	700851	700951
chr1	701176	701276
chr1	701387	701487
chr1	701630	701730
chr1	701791	701891
chr1	701899	701999
chr1	702285	702385
chr1	702684	702784
chr1	702911	703011
chr1	703153	703253
chr1	703298	703398
chr1	703478	703578
chr1	703612	703712
chr1	703793	703893
chr1	703894	703994
chr1	704184	704284
chr1	704329	704429
chr1	704472	704572
chr1	704625	704725
chr1	704737	704837
chr1	705052	705152
chr1	705178	705278
chr1	705284	705384
chr1	705404	705504
chr1	705620	705720
chr1	705994	706094
chr1	706175	706275
chr1	706566	706666
chr1	706836	706936
chr1	707067	707167
chr1	707233	707333
chr1	707400	707500
chr1	707563	707663
chr1	708138	708238
chr1	708529	708629
chr1	708636	708736
chr1	708769	708869
chr1	708872	708972
chr1	709212	709312
chr1	709351	709451
chr1	709531	709631
chr1	709645	709745
chr1	709748	709848
chr1	709856	709956
chr1	709962	710062
chr1	710158	710258
chr1	710290	710390
chr1	710485	710585
chr1	710657	710757
chr1	711375	711475
chr1	711588	711688
chr1	711991	712091
chr1	712104	712204
chr1	712231	712331
chr1	712371	712471
chr1	712483	712583
chr1	712599	712699
chr1	712811	712911
chr1	713121	713221
chr1	713235	713335
chr1	713636	713736
chr1	713778	713878
chr1	713938	714038
chr1	714115	714215
chr1	714679	714779
chr1	715127	715227
chr1	715288	715388
chr1	715416	715516
chr1	715627	715727
chr1	715914	716014
chr1	716100	716200
chr1	716345	716445
chr1	716599	716699
chr1	716824	716924
chr1	717018	717118
chr1	717137	717237
chr1	717487	717587
chr1	717763	717863
chr1	717944	718044
chr1	718284	718384
chr1	718388	718488
chr1	718533	718633
chr1	719001	719101
chr1	719228	719328
chr1	719362	719462
chr1	719754	719854
chr1	719869	719969
chr1	720091	720191
chr1	720198	720298
chr1	720299	720399
chr1	720415	720515
chr1	720550	720650
chr1	720652	720752
chr1	720802	720902
chr1	721139	721239
chr1	721378	721478
chr1	721484	721584
chr1	721585	721685
chr1	721714	721814
chr1	721920	722020
chr1	722302	722402
chr1	722462	722562
chr1	722693	722793
chr1	722947	723047
chr1	723095	723195
chr1	723201	723301
chr1	723350	723450
chr1	723575	723675
chr1	723691	723791
chr1	723849	723949
chr1	724068	724168
chr1	724429	724529
chr1	724590	724690
chr1	724899	724999
chr1	725000	725100
chr1	725183	725283
chr1	725385	725485
chr1	725607	725707
chr1	725860	725960
chr1	725990	726090
chr1	726158	726258
chr1	726367	726467
chr1	726589	726689
chr1	726762	726862
chr1	727075	727175
chr1	727304	727404
chr1	727940	728040
chr1	728106	728206
chr1	728255	728355
chr1	728458	728558
chr1	728631	728731
chr1	728779	728879
chr1	728884	728984
chr1	728988	729088
chr1	729196	729296
chr1	729358	729458
chr1	729527	729627
chr1	729864	729964
chr1	730036	730136
chr1	730306	730406
chr1	730815	730915
chr1	731091	731191
chr1	731324	731424
chr1	731438	731538
chr1	731753	731853
chr1	732060	732160
chr1	732230	732330
chr1	732704	732804
chr1	732824	732924
chr1	733062	733162
chr1	733355	733455
chr1	733543	733643
chr1	733653	733753
chr1	733773	733873
chr1	733943	734043
chr1	734053	734153
chr1	734231	734331
chr1	734574	734674
chr1	734679	734779
chr1	734842	734942
chr1	735132	735232
chr1	735367	735467
chr1	735595	735695
chr1	735828	735928
chr1	736039	736139
chr1	736149	736249
chr1	736285	736385
chr1	736392	736492
chr1	736697	736797
chr1	736893	736993
chr1	737065	737165
chr1	737272	737372
chr1	737385	737485
chr1	737661	737761
chr1	737778	737878
chr1	738195	738295
chr1	738300	738400
chr1	738461	738561
chr1	738568	738668
chr1	738711	738811
chr1	738833	738933
chr1	739007	739107
chr1	739119	739219
chr1	739220	739320
chr1	739357	739457
chr1	739521	739621
chr1	739799	739899
chr1	739981	740081
chr1	740154	740254
chr1	740310	740410
chr1	740416	740516
chr1	740551	740651
chr1	740786	740886
chr1	741202	741302
chr1	741489	741589
chr1	741591	741691
chr1	741802	741902
chr1	742044	742144
chr1	742165	742265
chr1	742313	742413
chr1	742565	742665
chr1	742904	743004
chr1	743067	743167
chr1	743357	743457
chr1	743555	743655
chr1	743684	743784
chr1	744001	744101
chr1	744141	744241
chr1	744383	744483
chr1	744575	744675
chr1	744703	744803
chr1	745002	745102
chr1	745291	745391
chr1	745420	745520
chr1	745564	745664
chr1	745703	745803
chr1	745846	745946
chr1	745972	746072
chr1	746078	746178
chr1	746301	746401
chr1	746594	746694
chr1	746832	746932
chr1	747229	747329
chr1	747392	747492
chr1	747504	747604
chr1	747870	747970
chr1	748044	748144
chr1	748216	748316
chr1	748465	748565
chr1	748647	748747
chr1	748972	749072
chr1	749181	749281
chr1	749335	749435
chr1	749592	749692
chr1	749740	749840
chr1	749902	750002
chr1	750096	750196
chr1	750234	750334
chr1	750417	750517
chr1	750532	750632
chr1	750701	750801
chr1	750844	750944
chr1	750981	751081
chr1	751172	751272
chr1	751487	751587
chr1	751611	751711
chr1	751796	751896
chr1	751941	752041
chr1	752043	752143
chr1	752234	752334
chr1	752367	752467
chr1	752537	752637
chr1	752858	752958
chr1	753331	753431
chr1	753433	753533
chr1	753679	753779
chr1	753782	753882
chr1	753910	754010
chr1	754078	754178
chr1	754208	754308
chr1	754356	754456
chr1	754573	754673
chr1	754948	755048
chr1	755247	755347
chr1	755476	755576
chr1	755673	755773
chr1	756232	756332
chr1	756336	756436
chr1	756501	756601
chr1	756634	756734
chr1	756755	756855
chr1	756944	757044
chr1	757087	757187
chr1	757264	757364
chr1	757421	757521
chr1	757559	757659
chr1	757701	757801
chr1	757891	757991
chr1	758021	758121
chr1	758204	758304
chr1	758388	758488
chr1	758554	758654
chr1	758747	758847
chr1	758922	759022
chr1	759156	759256
chr1	759419	759519
chr1	759566	759666
chr1	759701	759801
chr1	759808	759908
chr1	759935	760035
chr1	760068	760168
chr1	760174	760274
chr1	760480	760580
chr1	760598	760698
chr1	761026	761126
chr1	761141	761241
chr1	761261	761361
chr1	761521	761621
chr1	761790	761890
chr1	761922	762022
chr1	762072	762172
chr1	762402	762502
chr1	762544	762644
chr1	762651	762751
chr1	763035	763135
chr1	763155	763255
chr1	763695	763795
chr1	763941	764041
chr1	764107	764207
chr1	764418	764518
chr1	764534	764634
chr1	764697	764797
chr1	765161	765261
chr1	765351	765451
chr1	765587	765687
chr1	765696	765796
chr1	765895	765995
chr1	766259	766359
chr1	766457	766557
chr1	766569	766669
chr1	766761	766861
chr1	766882	766982
chr1	767058	767158
chr1	767298	767398
chr1	767414	767514
chr1	767651	767751
chr1	767829	767929
chr1	768120	768220
chr1	768222	768322
chr1	768328	768428
chr1	768456	768556
chr1	768643	768743
chr1	768854	768954
chr1	768995	769095
chr1	769136	769236
chr1	769295	769395
chr1	769401	769501
chr1	769511	769611
chr1	769630	769730
chr1	769747	769847
chr1	769962	770062
chr1	770153	770253
chr1	770598	770698
chr1	770700	770800
chr1	770874	770974
chr1	770988	771088
chr1	771089	771189
chr1	771321	771421
chr1	771430	771530
chr1	771554	771654
chr1	771776	771876
chr1	771894	771994
chr1	771997	772097
chr1	772532	772632
chr1	772791	772891
chr1	773045	773145
chr1	773148	773248
chr1	773539	773639
chr1	773924	774024
chr1	774033	774133
chr1	774227	774327
chr1	774345	774445
chr1	774561	774661
chr1	774835	774935
chr1	774981	775081
chr1	775122	775222
chr1	775230	775330
chr1	775408	775508
chr1	775568	775668
chr1	775790	775890
chr1	776167	776267
chr1	776571	776671
chr1	776749	776849
chr1	776941	777041
chr1	777054	777154
chr1	777216	777316
chr1	777643	777743
chr1	778155	778255
chr1	778269	778369
chr1	778600	778700
chr1	778707	778807
chr1	778809	778909
chr1	779036	779136
chr1	779323	779423
chr1	779437	779537
chr1	780013	780113
chr1	780319	780419
chr1	780429	780529
chr1	780790	780890
chr1	780900	781000
chr1	781052	781152
chr1	781299	781399
chr1	781478	781578
chr1	781611	781711
chr1	781796	781896
chr1	781912	782012
chr1	782081	782181
chr1	782200	782300
chr1	782320	782420
chr1	782464	782564
chr1	782758	782858
chr1	782864	782964
chr1	783062	783162
chr1	783239	783339
chr1	783536	783636
chr1	783833	783933
chr1	783959	784059
chr1	784124	784224
chr1	784552	784652
chr1	784755	784855
chr1	784867	784967
chr1	785100	785200
chr1	785216	785316
chr1	785321	785421
chr1	785468	785568
chr1	785689	785789
chr1	785865	785965
chr1	786040	786140
chr1	786183	786283
chr1	786433	786533
chr1	786585	786685
chr1	786711	786811
chr1	786872	786972
chr1	787203	787303
chr1	787527	787627
chr1	787632	787732
chr1	787737	787837
chr1	787872	787972
chr1	788128	788228
chr1	788240	788340
chr1	788477	788577
chr1	788672	788772
chr1	788855	788955
chr1	789425	789525
chr1	789532	789632
chr1	789805	789905
chr1	790029	790129
chr1	790205	790305
chr1	790345	790445
chr1	790462	790562
chr1	790591	790691
chr1	790738	790838
chr1	790865	790965
chr1	791013	791113
chr1	791114	791214
chr1	791329	791429
chr1	791798	791898
chr1	791921	792021
chr1	792025	792125
chr1	792133	792233
chr1	792330	792430
chr1	792483	792583
chr1	792678	792778
chr1	792794	792894
chr1	793013	793113
chr1	793220	793320
chr1	793406	793506
chr1	793749	793849
chr1	793869	793969
chr1	793970	794070
chr1	794189	794289
chr1	794292	794392
chr1	794445	794545
chr1	794548	794648
chr1	794896	794996
chr1	795075	795175
chr1	795183	795283
chr1	795515	795615
chr1	795617	795717
chr1	795872	795972
chr1	795986	796086
chr1	796163	796263
chr1	796302	796402
chr1	796452	796552
chr1	796625	796725
chr1	796818	796918
chr1	796955	797055
chr1	797320	797420
chr1	797548	797648
chr1	797680	797780
chr1	797810	797910
chr1	798066	798166
chr1	798311	798411
chr1	798502	798602
chr1	798853	798953
chr1	799000	799100
chr1	799138	799238
chr1	799270	799370
chr1	799432	799532
chr1	799644	799744
chr1	799751	799851
chr1	800031	800131
chr1	800258	800358
chr1	800391	800491
chr1	800535	800635
chr1	800753	800853
chr1	800889	800989
chr1	801130	801230
chr1	801346	801446
chr1	801812	801912
chr1	801929	802029
chr1	802109	802209
chr1	802240	802340
chr1	802384	802484
chr1	802646	802746
chr1	802815	802915
chr1	802994	803094
chr1	803303	803403
chr1	803475	803575
chr1	803584	803684
chr1	803710	803810
chr1	803981	804081
chr1	804165	804265
chr1	804341	804441
chr1	804725	804825
chr1	804908	805008
chr1	805018	805118
chr1	805126	805226
chr1	805303	805403
chr1	805541	805641
chr1	805657	805757
chr1	805792	805892
chr1	806158	806258
chr1	806298	806398
chr1	806405	806505
chr1	806894	806994
chr1	807145	807245
chr1	807449	807549
chr1	807655	807755
chr1	807818	807918
chr1	808308	808408
chr1	808422	808522
chr1	808633	808733
chr1	809004	809104
chr1	809116	809216
chr1	809268	809368
chr1	809437	809537
chr1	809994	810094
chr1	810153	810253
chr1	810372	810472
chr1	810657	810757
chr1	810772	810872
chr1	810897	810997
chr1	811003	811103
chr1	811246	811346
chr1	811347	811447
chr1	811495	811595
chr1	811670	811770
chr1	811779	811879
chr1	812168	812268
chr1	812277	812377
chr1	812525	812625
chr1	812693	812793
chr1	812933	813033
chr1	813089	813189
chr1	813232	813332
chr1	813421	813521
chr1	813525	813625
chr1	813769	813869
chr1	814238	814338
chr1	814368	814468
chr1	814469	814569
chr1	814625	814725
chr1	814747	814847
chr1	814896	814996
chr1	815044	815144
chr1	815229	815329
chr1	815398	815498
chr1	815783	815883
chr1	816310	816410
chr1	816597	816697
chr1	816717	816817
chr1	816820	816920
chr1	817035	817135
chr1	817149	817249
chr1	817435	817535
chr1	817653	817753
chr1	818002	818102
chr1	818201	818301
chr1	818356	818456
chr1	818470	818570
chr1	818574	818674
chr1	818721	818821
chr1	818932	819032
chr1	819208	819308
chr1	819414	819514
chr1	819597	819697
chr1	819783	819883
chr1	820008	820108
chr1	820217	820317
chr1	820541	820641
chr1	820690	820790
chr1	820816	820916
chr1	821023	821123
chr1	821357	821457
chr1	821479	821579
chr1	821766	821866
chr1	821906	822006
chr1	822009	822109
chr1	822209	822309
chr1	822464	822564
chr1	822819	822919
chr1	822932	823032
chr1	823033	823133
chr1	823167	823267
chr1	823331	823431
chr1	823435	823535
chr1	823623	823723
chr1	823753	823853
chr1	823958	824058
chr1	824136	824236
chr1	824238	824338
chr1	824639	824739
chr1	824758	824858
chr1	824890	824990
chr1	825178	825278
chr1	825289	825389
chr1	825421	825521
chr1	825572	825672
chr1	825897	825997
chr1	826032	826132
chr1	826280	826380
chr1	826520	826620
chr1	826668	826768
chr1	826870	826970
chr1	826999	827099
chr1	827186	827286
chr1	827309	827409
chr1	827455	827555
chr1	827584	827684
chr1	827712	827812
chr1	827826	827926
chr1	827992	828092
chr1	828184	828284
chr1	828298	828398
chr1	828430	828530
chr1	828555	828655
chr1	828851	828951
chr1	828966	829066
chr1	829475	829575
chr1	829599	829699
chr1	829833	829933
chr1	830014	830114
chr1	830275	830375
chr1	830430	830530
chr1	830595	830695
chr1	830728	830828
chr1	830960	831060
chr1	831099	831199
chr1	831289	831389
chr1	831537	831637
chr1	831744	831844
chr1	831919	832019
chr1	832061	832161
chr1	832263	832363
chr1	832628	832728
chr1	832750	832850
chr1	832970	833070
chr1	833152	833252
chr1	833299	833399
chr1	833460	833560
chr1	833577	833677
chr1	833742	833842
chr1	833860	833960
chr1	834188	834288
chr1	834291	834391
chr1	834401	834501
chr1	834726	834826
chr1	834868	834968
chr1	835036	835136
chr1	835328	835428
chr1	835465	835565
chr1	835672	835772
chr1	835850	835950
chr1	836062	836162
chr1	836365	836465
chr1	836535	836635
chr1	836657	836757
chr1	836915	837015
chr1	837156	837256
chr1	837347	837447
chr1	837611	837711
chr1	837724	837824
chr1	837832	837932
chr1	837945	838045
chr1	838223	838323
chr1	838418	838518
chr1	838540	838640
chr1	838839	838939
chr1	838987	839087
chr1	839323	839423
chr1	839611	839711
chr1	839931	840031
chr1	840249	840349
chr1	840392	840492
chr1	840514	840614
chr1	840659	840759
chr1	840842	840942
chr1	840977	841077
chr1	841105	841205
chr1	841252	841352
chr1	841671	841771
chr1	841820	841920
chr1	842177	842277
chr1	842853	842953
chr1	842990	843090
chr1	843239	843339
chr1	843424	843524
chr1	843557	843657
chr1	843692	843792
chr1	843800	843900
chr1	844328	844428
chr1	844460	844560
chr1	844571	844671
chr1	844680	844780
chr1	845002	845102
chr1	845206	845306
chr1	845355	845455
chr1	845502	845602
chr1	845684	845784
chr1	845864	845964
chr1	845987	846087
chr1	846195	846295
chr1	846331	846431
chr1	846466	846566
chr1	846629	846729
chr1	847083	847183
chr1	847304	847404
chr1	847543	847643
chr1	847693	847793
chr1	847961	848061
chr1	848183	848283
chr1	848302	848402
chr1	848443	848543
chr1	848611	848711
chr1	848808	848908
chr1	849124	849224
chr1	849288	849388
chr1	849411	849511
chr1	849923	850023
chr1	850316	850416
chr1	850445	850545
chr1	850560	850660
chr1	850670	850770
chr1	850778	850878
chr1	850901	851001
chr1	851055	851155
chr1	851412	851512
chr1	851617	851717
chr1	851811	851911
chr1	852109	852209
chr1	852276	852376
chr1	852392	852492
chr1	852525	852625
chr1	852657	852757
chr1	852960	853060
chr1	853310	853410
chr1	853415	853515
chr1	853582	853682
chr1	853693	853793
chr1	853829	853929
chr1	853992	854092
chr1	854166	854266
chr1	854475	854575
chr1	854592	854692
chr1	854764	854864
chr1	854931	855031
chr1	855195	855295
chr1	855509	855609
chr1	855627	855727
chr1	855751	855851
chr1	855855	855955
chr1	856144	856244
chr1	856427	856527
chr1	856551	856651
chr1	856675	856775
chr1	856860	856960
chr1	857121	857221
chr1	857290	857390
chr1	857424	857524
chr1	857619	857719
chr1	857823	857923
chr1	858037	858137
chr1	858208	858308
chr1	858488	858588
chr1	858969	859069
chr1	859202	859302
chr1	859324	859424
chr1	859435	859535
chr1	859576	859676
chr1	860055	860155
chr1	860205	860305
chr1	860395	860495
chr1	860551	860651
chr1	860674	860774
chr1	860791	860891
chr1	861194	861294
chr1	861370	861470
chr1	861525	861625
chr1	862162	862262
chr1	862340	862440
chr1	862551	862651
chr1	862759	862859
chr1	863047	863147
chr1	863316	863416
chr1	863558	863658
chr1	863676	863776
chr1	863898	863998
chr1	864118	864218
chr1	864310	864410
chr1	864609	864709
chr1	864965	865065
chr1	865113	865213
chr1	865318	865418
chr1	865444	865544
chr1	865615	865715
chr1	866161	866261
chr1	866267	866367
chr1	866408	866508
chr1	866646	866746
chr1	866782	866882
chr1	866911	867011
chr1	867037	867137
chr1	867139	867239
chr1	867296	867396
chr1	867537	867637
chr1	867641	867741
chr1	867745	867845
chr1	867910	868010
chr1	868080	868180
chr1	868315	868415
chr1	868465	868565
chr1	868589	868689
chr1	868714	868814
chr1	869604	869704
chr1	869715	869815
chr1	869957	870057
chr1	870115	870215
chr1	870237	870337
chr1	870416	870516
chr1	870532	870632
chr1	870655	870755
chr1	871025	871125
chr1	871147	871247
chr1	871379	871479
chr1	871627	871727
chr1	871961	872061
chr1	872109	872209
chr1	872291	872391
chr1	872464	872564
chr1	872725	872825
chr1	872956	873056
chr1	873288	873388
chr1	873451	873551
chr1	873618	873718
chr1	873741	873841
chr1	873880	873980
chr1	874118	874218
chr1	874455	874555
chr1	874947	875047
chr1	875064	875164
chr1	875287	875387
chr1	875397	875497
chr1	875590	875690
chr1	875777	875877
chr1	875913	876013
chr1	876027	876127
chr1	876145	876245
chr1	876287	876387
chr1	876402	876502
chr1	876580	876680
chr1	876843	876943
chr1	876946	877046
chr1	877098	877198
chr1	877408	877508
chr1	877714	877814
chr1	877898	877998
chr1	878036	878136
chr1	878148	878248
chr1	878559	878659
chr1	878886	878986
chr1	879024	879124
chr1	879240	879340
chr1	879341	879441
chr1	879450	879550
chr1	879682	879782
chr1	879843	879943
chr1	880089	880189
chr1	880247	880347
chr1	880355	880455
chr1	880534	880634
chr1	880729	880829
chr1	881061	881161
chr1	881189	881289
chr1	881331	881431
chr1	881463	881563
chr1	881597	881697
chr1	881773	881873
chr1	881938	882038
chr1	882181	882281
chr1	882323	882423
chr1	882485	882585
chr1	883043	883143
chr1	883151	883251
chr1	883484	883584
chr1	883651	883751
chr1	883755	883855
chr1	883885	883985
chr1	884061	884161
chr1	884221	884321
chr1	884409	884509
chr1	884725	884825
chr1	885053	885153
chr1	885386	885486
chr1	885575	885675
chr1	885773	885873
chr1	886043	886143
chr1	886778	886878
chr1	886881	886981
chr1	887089	887189
chr1	887297	887397
chr1	887488	887588
chr1	887640	887740
chr1	887779	887879
chr1	887961	888061
chr1	888095	888195
chr1	888226	888326
chr1	888607	888707
chr1	888835	888935
chr1	889047	889147
chr1	889304	889404
chr1	889449	889549
chr1	889678	889778
chr1	890192	890292
chr1	890388	890488
chr1	890551	890651
chr1	890696	890796
chr1	890811	890911
chr1	890997	891097
chr1	891118	891218
chr1	891370	891470
chr1	891519	891619
chr1	891670	891770
chr1	891774	891874
chr1	892035	892135
chr1	892253	892353
chr1	892416	892516
chr1	892578	892678
chr1	892829	892929
chr1	892973	893073
chr1	893596	893696
chr1	893818	893918
chr1	894034	894134
chr1	894152	894252
chr1	894330	894430
chr1	894527	894627
chr1	894674	894774
chr1	895081	895181
chr1	895323	895423
chr1	895520	895620
chr1	895695	895795
chr1	895947	896047
chr1	896209	896309
chr1	896333	896433
chr1	896463	896563
chr1	896607	896707
chr1	896782	896882
chr1	896922	897022
chr1	897327	897427
chr1	897480	897580
chr1	897657	897757
chr1	897760	897860
chr1	897925	898025
chr1	898062	898162
chr1	898220	898320
chr1	898497	898597
chr1	898603	898703
chr1	898872	898972
chr1	899090	899190
chr1	899251	899351
chr1	899645	899745
chr1	899813	899913
chr1	900084	900184
chr1	900208	900308
chr1	900376	900476
chr1	900529	900629
chr1	900750	900850
chr1	900897	900997
chr1	901097	901197
chr1	901263	901363
chr1	901420	901520
chr1	901903	902003
chr1	902006	902106
chr1	902161	902261
chr1	902375	902475
chr1	902480	902580
chr1	902660	902760
chr1	902812	902912
chr1	902930	903030
chr1	903362	903462
chr1	903514	903614
chr1	903668	903768
chr1	903770	903870
chr1	903936	904036
chr1	904258	904358
chr1	904532	904632
chr1	904731	904831
chr1	904837	904937
chr1	905028	905128
chr1	905189	905289
chr1	905365	905465
chr1	905527	905627
chr1	905661	905761
chr1	905900	906000
chr1	906011	906111
chr1	906159	906259
chr1	906470	906570
chr1	906678	906778
chr1	906939	907039
chr1	907204	907304
chr1	907320	907420
chr1	907629	907729
chr1	907778	907878
chr1	907885	907985
chr1	908076	908176
chr1	908240	908340
chr1	908359	908459
chr1	908874	908974
chr1	909040	909140
chr1	909293	909393
chr1	909519	909619
chr1	909659	909759
chr1	909782	909882
chr1	909917	910017
chr1	910087	910187
chr1	910390	910490
chr1	910738	910838
chr1	910880	910980
chr1	911038	911138
chr1	911153	911253
chr1	911318	911418
chr1	911520	911620
chr1	911639	911739
chr1	911810	911910
chr1	911926	912026
chr1	912821	912921
chr1	913263	913363
chr1	913639	913739
chr1	913903	914003
chr1	914252	914352
chr1	914387	914487
chr1	914673	914773
chr1	914818	914918
chr1	915013	915113
chr1	915146	915246
chr1	915288	915388
chr1	915456	915556
chr1	915576	915676
chr1	915682	915782
chr1	915880	915980
chr1	916004	916104
chr1	916439	916539
chr1	916543	916643
chr1	916647	916747
chr1	916818	916918
chr1	917024	917124
chr1	917151	917251
chr1	917456	917556
chr1	917741	917841
chr1	917982	918082
chr1	918373	918473
chr1	918781	918881
chr1	918978	919078
chr1	919142	919242
chr1	919269	919369
chr1	919437	919537
chr1	919558	919658
chr1	919668	919768
chr1	919840	919940
chr1	920038	920138
chr1	920350	920450
chr1	920660	920760
chr1	921030	921130
chr1	921168	921268
chr1	921284	921384
chr1	921399	921499
chr1	921512	921612
chr1	921803	921903
chr1	921999	922099
chr1	922236	922336
chr1	922462	922562
chr1	922659	922759
chr1	922983	923083
chr1	923102	923202
chr1	923283	923383
chr1	923497	923597
chr1	923824	923924
chr1	923936	924036
chr1	924181	924281
chr1	924383	924483
chr1	924580	924680
chr1	924733	924833
chr1	924851	924951
chr1	925156	925256
chr1	925424	925524
chr1	925595	925695
chr1	925730	925830
chr1	925831	925931
chr1	925942	926042
chr1	926154	926254
chr1	926378	926478
chr1	926482	926582
chr1	926586	926686
chr1	926870	926970
chr1	927030	927130
chr1	927286	927386
chr1	927600	927700
chr1	928246	928346
chr1	928638	928738
chr1	928821	928921
chr1	928962	929062
chr1	929114	929214
chr1	929224	929324
chr1	929457	929557
chr1	929753	929853
chr1	929924	930024
chr1	930063	930163
chr1	930182	930282
chr1	930290	930390
chr1	930400	930500
chr1	930644	930744
chr1	930759	930859
chr1	930897	930997
chr1	931043	931143
chr1	931219	931319
chr1	931405	931505
chr1	931573	931673
chr1	931962	932062
chr1	932223	932323
chr1	932331	932431
chr1	932541	932641
chr1	932798	932898
chr1	932975	933075
chr1	933187	933287
chr1	933462	933562
chr1	933653	933753
chr1	933755	933855
chr1	933862	933962
chr1	934020	934120
chr1	934121	934221
chr1	934291	934391
chr1	934404	934504
chr1	934583	934683
chr1	934717	934817
chr1	935040	935140
chr1	935400	935500
chr1	935534	935634
chr1	935707	935807
chr1	935808	935908
chr1	935929	936029
chr1	936104	936204
chr1	936232	936332
chr1	936799	936899
chr1	937008	937108
chr1	937329	937429
chr1	937452	937552
chr1	937581	937681
chr1	937682	937782
chr1	937847	937947
chr1	938011	938111
chr1	938121	938221
chr1	938234	938334
chr1	938641	938741
chr1	938757	938857
chr1	938994	939094
chr1	939167	939267
chr1	939465	939565
chr1	939602	939702
chr1	939807	939907
chr1	939921	940021
chr1	940138	940238
chr1	940288	940388
chr1	940469	940569
chr1	940757	940857
chr1	940925	941025
chr1	941092	941192
chr1	941259	941359
chr1	941401	941501
chr1	941714	941814
chr1	941849	941949
chr1	941982	942082
chr1	942343	942443
chr1	942769	942869
chr1	943041	943141
chr1	943277	943377
chr1	943421	943521
chr1	943557	943657
chr1	943749	943849
chr1	944258	944358
chr1	944539	944639
chr1	944834	944934
chr1	945011	945111
chr1	945141	945241
chr1	945330	945430
chr1	945437	945537
chr1	945805	945905
chr1	946010	946110
chr1	946286	946386
chr1	946449	946549
chr1	946603	946703
chr1	946915	947015
chr1	947058	947158
chr1	947266	947366
chr1	947439	947539
chr1	947573	947673
chr1	947745	947845
chr1	948581	948681
chr1	948831	948931
chr1	948940	949040
chr1	949049	949149
chr1	949355	949455
chr1	949487	949587
chr1	949624	949724
chr1	949730	949830
chr1	949852	949952
chr1	950058	950158
chr1	950249	950349
chr1	950439	950539
chr1	950610	950710
chr1	950745	950845
chr1	950953	951053
chr1	951178	951278
chr1	951320	951420
chr1	951555	951655
chr1	951739	951839
chr1	952248	952348
chr1	952579	952679
chr1	952939	953039
chr1	953190	953290
chr1	953368	953468
chr1	953516	953616
chr1	953660	953760
chr1	953949	954049
chr1	954061	954161
chr1	954387	954487
chr1	954609	954709
chr1	954764	954864
chr1	955025	955125
chr1	955297	955397
chr1	955405	955505
chr1	955629	955729
chr1	955739	955839
chr1	955881	955981
chr1	956165	956265
chr1	956296	956396
chr1	956444	956544
chr1	956587	956687
chr1	956854	956954
chr1	956964	957064
chr1	957093	957193
chr1	957377	957477
chr1	957662	957762
chr1	957786	957886
chr1	958094	958194
chr1	958202	958302
chr1	958554	958654
chr1	958781	958881
chr1	958952	959052
chr1	959090	959190
chr1	959364	959464
chr1	959467	959567
chr1	959695	959795
chr1	959913	960013
chr1	960284	960384
chr1	960483	960583
chr1	960589	960689
chr1	960704	960804
chr1	960913	961013
chr1	961107	961207
chr1	961306	961406
chr1	961471	961571
chr1	961667	961767
chr1	961769	961869
chr1	962202	962302
chr1	962828	962928
chr1	962951	963051
chr1	963106	963206
chr1	963381	963481
chr1	963528	963628
chr1	963973	964073
chr1	964171	964271
chr1	964315	964415
chr1	964433	964533
chr1	964568	964668
chr1	964950	965050
chr1	965057	965157
chr1	965255	965355
chr1	965446	965546
chr1	965559	965659
chr1	965667	965767
chr1	965877	965977
chr1	965990	966090
chr1	966113	966213
chr1	966434	966534
chr1	966697	966797
chr1	966830	966930
chr1	967119	967219
chr1	967296	967396
chr1	967535	967635
chr1	967896	967996
chr1	968117	968217
chr1	968446	968546
chr1	968777	968877
chr1	969039	969139
chr1	969350	969450
chr1	969608	969708
chr1	969767	969867
chr1	970017	970117
chr1	970188	970288
chr1	970345	970445
chr1	970454	970554
chr1	970833	970933
chr1	970945	971045
chr1	971058	971158
chr1	971281	971381
chr1	971412	971512
chr1	971562	971662
chr1	971802	971902
chr1	971942	972042
chr1	972094	972194
chr1	972225	972325
chr1	972462	972562
chr1	972630	972730
chr1	972772	972872
chr1	972944	973044
chr1	973310	973410
chr1	973566	973666
chr1	973792	973892
chr1	973973	974073
chr1	974143	974243
chr1	974546	974646
chr1	974648	974748
chr1	974805	974905
chr1	974954	975054
chr1	975078	975178
chr1	975199	975299
chr1	975414	975514
chr1	975679	975779
chr1	975862	975962
chr1	976075	976175
chr1	976389	976489
chr1	976537	976637
chr1	976643	976743
chr1	977069	977169
chr1	977548	977648
chr1	977704	977804
chr1	977971	978071
chr1	978089	978189
chr1	978202	978302
chr1	978481	978581
chr1	978625	978725
chr1	978769	978869
chr1	978968	979068
chr1	979070	979170
chr1	979374	979474
chr1	980030	980130
chr1	980276	980376
chr1	980442	980542
chr1	980584	980684
chr1	980710	980810
chr1	981077	981177
chr1	981197	981297
chr1	981318	981418
chr1	981658	981758
chr1	981760	981860
chr1	981927	982027
chr1	982206	982306
chr1	982484	982584
chr1	982601	982701
chr1	982722	982822
chr1	982906	983006
chr1	983238	983338
chr1	983429	983529
chr1	983532	983632
chr1	983723	983823
chr1	983860	983960
chr1	984113	984213
chr1	984234	984334
chr1	984415	984515
chr1	984886	984986
chr1	985004	985104
chr1	985169	985269
chr1	985312	985412
chr1	985515	985615
chr1	985619	985719
chr1	985889	985989
chr1	986283	986383
chr1	986564	986664
chr1	986949	987049
chr1	987229	987329
chr1	987430	987530
chr1	987640	987740
chr1	987808	987908
chr1	987966	988066
chr1	988208	988308
chr1	988444	988544
chr1	988620	988720
chr1	988830	988930
chr1	988968	989068
chr1	989225	989325
chr1	989377	989477
chr1	989526	989626
chr1	989716	989816
chr1	989903	990003
chr1	990054	990154
chr1	990472	990572
chr1	990725	990825
chr1	990837	990937
chr1	990992	991092
chr1	991237	991337
chr1	991376	991476
chr1	991749	991849
chr1	992001	992101
chr1	992196	992296
chr1	992380	992480
chr1	992482	992582
chr1	992646	992746
chr1	992751	992851
chr1	992947	993047
chr1	993169	993269
chr1	993283	993383
chr1	993872	993972
chr1	994035	994135
chr1	994389	994489
chr1	994518	994618
chr1	994624	994724
chr1	994921	995021
chr1	995034	995134
chr1	995277	995377
chr1	995407	995507
chr1	995678	995778
chr1	995794	995894
chr1	995924	996024
chr1	996087	996187
chr1	996224	996324
chr1	996454	996554
chr1	996576	996676
chr1	996747	996847
chr1	996886	996986
chr1	997016	997116
chr1	997538	997638
chr1	997664	997764
chr1	997919	998019
chr1	998074	998174
chr1	998226	998326
chr1	998394	998494
chr1	998835	998935
chr1	998972	999072
chr1	999090	999190
chr1	999233	999333
chr1	999575	999675
chr1	999701	999801
