chr1	223	323
chr1	956	1056
chr1	2146	2246
chr1	2678	2778
chr1	3397	3497
chr1	3818	3918
chr1	4254	4354
chr1	4391	4491
chr1	4551	4651
chr1	4779	4879
chr1	5046	5146
chr1	5365	5465
chr1	5506	5606
chr1	5667	5767
chr1	5792	5892
chr1	6139	6239
chr1	6787	6887
chr1	7115	7215
chr1	7548	7648
chr1	7686	7786
chr1	7891	7991
chr1	8012	8112
chr1	8181	8281
chr1	8624	8724
chr1	8815	8915
chr1	8986	9086
chr1	9104	9204
chr1	9256	9356
chr1	9845	9945
chr1	10392	10492
chr1	10820	10920
chr1	11151	11251
chr1	11628	11728
chr1	12148	12248
chr1	13652	13752
chr1	13763	13863
chr1	14934	15034
chr1	15057	15157
chr1	15317	15417
chr1	15496	15596
chr1	15982	16082
chr1	16480	16580
chr1	17570	17670
chr1	17838	17938
chr1	18414	18514
chr1	18645	18745
chr1	18798	18898
chr1	19102	19202
chr1	19405	19505
chr1	19714	19814
chr1	20284	20384
chr1	20422	20522
chr1	20809	20909
chr1	20987	21087
chr1	21121	21221
chr1	22069	22169
chr1	22334	22434
chr1	22724	22824
chr1	23104	23204
chr1	23671	23771
chr1	23841	23941
chr1	24202	24302
chr1	24319	24419
chr1	24910	25010
chr1	25869	25969
chr1	26759	26859
chr1	27335	27435
chr1	27611	27711
chr1	27813	27913
chr1	28005	28105
chr1	28150	28250
chr1	28408	28508
chr1	28644	28744
chr1	29017	29117
chr1	29151	29251
chr1	30550	30650
chr1	30749	30849
chr1	30856	30956
chr1	32111	32211
chr1	32803	32903
chr1	32919	33019
chr1	33091	33191
chr1	34774	34874
chr1	35002	35102
chr1	35112	35212
chr1	35325	35425
chr1	35548	35648
chr1	35822	35922
chr1	36293	36393
chr1	36771	36871
chr1	37175	37275
chr1	37325	37425
chr1	37646	37746
chr1	37765	37865
chr1	38034	38134
chr1	38189	38289
chr1	38511	38611
chr1	38709	38809
chr1	38936	39036
chr1	39165	39265
chr1	39353	39453
chr1	39608	39708
chr1	39825	39925
chr1	40444	40544
chr1	40596	40696
chr1	41237	41337
chr1	41578	41678
chr1	41795	41895
chr1	41943	42043
chr1	42609	42709
chr1	42865	42965
chr1	43660	43760
chr1	44210	44310
chr1	44955	45055
chr1	45192	45292
chr1	45333	45433
chr1	46032	46132
chr1	46155	46255
chr1	47197	47297
chr1	47414	47514
chr1	48219	48319
chr1	48472	48572
chr1	48728	48828
chr1	49416	49516
chr1	49577	49677
chr1	49795	49895
chr1	52067	52167
chr1	52636	52736
chr1	52755	52855
chr1	53429	53529
chr1	54310	54410
chr1	54491	54591
chr1	54680	54780
chr1	54807	54907
chr1	55025	55125
chr1	55254	55354
chr1	55476	55576
chr1	56055	56155
chr1	56263	56363
chr1	56622	56722
chr1	56871	56971
chr1	57232	57332
chr1	57547	57647
chr1	57786	57886
chr1	57926	58026
chr1	58052	58152
chr1	58645	58745
chr1	58798	58898
chr1	59503	59603
chr1	60049	60149
chr1	60495	60595
chr1	61098	61198
chr1	61288	61388
chr1	61524	61624
chr1	61952	62052
chr1	62551	62651
chr1	63436	63536
chr1	63686	63786
chr1	63803	63903
chr1	63914	64014
chr1	64024	64124
chr1	64248	64348
chr1	64439	64539
chr1	64722	64822
chr1	64834	64934
chr1	65594	65694
chr1	66405	66505
chr1	67285	67385
chr1	67682	67782
chr1	68124	68224
chr1	68300	68400
chr1	68594	68694
chr1	69105	69205
chr1	69378	69478
chr1	70048	70148
chr1	71091	71191
chr1	71447	71547
chr1	72055	72155
chr1	72307	72407
chr1	72486	72586
chr1	72612	72712
chr1	73451	73551
chr1	74274	74374
chr1	74406	74506
chr1	74507	74607
chr1	74891	74991
chr1	75278	75378
chr1	75440	75540
chr1	75621	75721
chr1	75954	76054
chr1	76738	76838
chr1	76847	76947
chr1	77084	77184
chr1	77298	77398
chr1	77942	78042
chr1	78144	78244
chr1	78844	78944
chr1	79285	79385
chr1	80037	80137
chr1	80150	80250
chr1	80364	80464
chr1	81365	81465
chr1	81988	82088
chr1	82311	82411
chr1	82639	82739
chr1	82816	82916
chr1	83430	83530
chr1	83657	83757
chr1	83867	83967
chr1	84026	84126
chr1	85399	85499
chr1	85573	85673
chr1	85839	85939
chr1	86151	86251
chr1	86744	86844
chr1	87139	87239
chr1	88453	88553
chr1	88633	88733
chr1	89018	89118
chr1	90324	90424
chr1	90767	90867
chr1	90919	91019
chr1	91081	91181
chr1	91245	91345
chr1	91972	92072
chr1	92328	92428
chr1	92549	92649
chr1	92823	92923
chr1	93934	94034
chr1	94577	94677
chr1	95261	95361
chr1	95374	95474
chr1	95535	95635
chr1	95665	95765
chr1	95855	95955
chr1	96126	96226
chr1	96400	96500
chr1	97032	97132
chr1	97284	97384
chr1	97449	97549
chr1	97642	97742
chr1	97829	97929
chr1	98132	98232
chr1	98625	98725
chr1	99219	99319
chr1	99572	99672
chr1	99785	99885
chr1	100186	100286
chr1	100636	100736
chr1	101191	101291
chr1	101421	101521
chr1	101851	101951
chr1	102003	102103
chr1	102364	102464
chr1	102933	103033
chr1	103140	103240
chr1	103545	103645
chr1	104577	104677
chr1	104705	104805
chr1	104915	105015
chr1	105681	105781
chr1	105873	105973
chr1	106041	106141
chr1	106516	106616
chr1	106927	107027
chr1	107201	107301
chr1	108265	108365
chr1	108453	108553
chr1	108759	108859
chr1	108917	109017
chr1	109912	110012
chr1	110082	110182
chr1	110584	110684
chr1	110873	110973
chr1	111167	111267
chr1	111447	111547
chr1	111820	111920
chr1	112282	112382
chr1	112401	112501
chr1	112684	112784
chr1	113127	113227
chr1	113802	113902
chr1	114030	114130
chr1	114610	114710
chr1	114771	114871
chr1	115123	115223
chr1	115235	115335
chr1	115843	115943
chr1	116374	116474
chr1	116543	116643
chr1	117084	117184
chr1	117734	117834
chr1	117887	117987
chr1	118480	118580
chr1	118975	119075
chr1	119409	119509
chr1	119691	119791
chr1	119827	119927
chr1	122179	122279
chr1	122361	122461
chr1	123430	123530
chr1	123720	123820
chr1	123976	124076
chr1	124166	124266
chr1	124543	124643
chr1	125107	125207
chr1	125399	125499
chr1	125650	125750
chr1	125760	125860
chr1	126781	126881
chr1	127046	127146
chr1	127157	127257
chr1	127478	127578
chr1	127599	127699
chr1	128333	128433
chr1	128709	128809
chr1	128968	129068
chr1	129155	129255
chr1	129356	129456
chr1	129476	129576
chr1	130295	130395
chr1	130441	130541
chr1	130674	130774
chr1	130922	131022
chr1	131283	131383
chr1	131759	131859
chr1	132116	132216
chr1	132490	132590
chr1	132915	133015
chr1	133189	133289
chr1	133292	133392
chr1	133595	133695
chr1	134813	134913
chr1	136762	136862
chr1	137590	137690
chr1	137783	137883
chr1	137913	138013
chr1	138243	138343
chr1	138565	138665
chr1	138745	138845
chr1	138947	139047
chr1	139529	139629
chr1	139636	139736
chr1	139848	139948
chr1	140645	140745
chr1	140833	140933
chr1	141513	141613
chr1	141803	141903
chr1	142066	142166
chr1	143003	143103
chr1	143249	143349
chr1	143598	143698
chr1	144138	144238
chr1	144599	144699
chr1	144996	145096
chr1	145362	145462
chr1	145843	145943
chr1	146219	146319
chr1	146557	146657
chr1	146739	146839
chr1	146929	147029
chr1	147126	147226
chr1	147531	147631
chr1	147874	147974
chr1	148450	148550
chr1	149154	149254
chr1	149374	149474
chr1	149667	149767
chr1	149906	150006
chr1	150415	150515
chr1	150742	150842
chr1	150986	151086
chr1	151198	151298
chr1	151548	151648
chr1	152211	152311
chr1	152704	152804
chr1	152898	152998
chr1	154860	154960
chr1	154997	155097
chr1	155648	155748
chr1	155937	156037
chr1	156294	156394
chr1	156414	156514
chr1	156890	156990
chr1	157084	157184
chr1	157370	157470
chr1	157471	157571
chr1	158067	158167
chr1	158311	158411
chr1	158499	158599
chr1	159206	159306
chr1	159528	159628
chr1	159958	160058
chr1	160480	160580
chr1	160632	160732
chr1	160857	160957
chr1	161078	161178
chr1	161419	161519
chr1	161548	161648
chr1	161805	161905
chr1	162001	162101
chr1	162709	162809
chr1	163169	163269
chr1	163394	163494
chr1	163509	163609
chr1	163689	163789
chr1	164708	164808
chr1	165383	165483
chr1	165776	165876
chr1	165977	166077
chr1	166504	166604
chr1	166609	166709
chr1	166715	166815
chr1	166829	166929
chr1	166992	167092
chr1	167542	167642
chr1	167746	167846
chr1	168180	168280
chr1	168637	168737
chr1	168871	168971
chr1	169099	169199
chr1	169516	169616
chr1	170014	170114
chr1	170345	170445
chr1	170544	170644
chr1	171225	171325
chr1	171649	171749
chr1	171888	171988
chr1	172535	172635
chr1	172716	172816
chr1	172835	172935
chr1	173027	173127
chr1	173448	173548
chr1	173626	173726
chr1	173840	173940
chr1	174994	175094
chr1	175151	175251
chr1	175321	175421
chr1	175993	176093
chr1	176202	176302
chr1	176666	176766
chr1	176880	176980
chr1	177186	177286
chr1	177641	177741
chr1	177854	177954
chr1	178346	178446
chr1	178572	178672
chr1	178782	178882
chr1	178888	178988
chr1	179324	179424
chr1	179706	179806
chr1	179989	180089
chr1	180825	180925
chr1	181284	181384
chr1	181943	182043
chr1	182186	182286
chr1	183372	183472
chr1	183652	183752
chr1	183945	184045
chr1	184213	184313
chr1	185359	185459
chr1	185689	185789
chr1	185991	186091
chr1	186181	186281
chr1	186597	186697
chr1	186966	187066
chr1	188100	188200
chr1	188433	188533
chr1	190147	190247
chr1	190263	190363
chr1	191408	191508
chr1	191748	191848
chr1	192316	192416
chr1	193174	193274
chr1	193301	193401
chr1	193590	193690
chr1	194011	194111
chr1	194428	194528
chr1	194623	194723
chr1	194764	194864
chr1	195677	195777
chr1	195978	196078
chr1	196972	197072
chr1	197265	197365
chr1	197444	197544
chr1	197652	197752
chr1	197895	197995
chr1	198114	198214
chr1	198401	198501
chr1	199081	199181
chr1	199503	199603
chr1	199991	200091
chr1	200130	200230
chr1	200345	200445
chr1	200480	200580
chr1	200583	200683
chr1	200776	200876
chr1	201014	201114
chr1	201350	201450
chr1	201484	201584
chr1	201994	202094
chr1	202164	202264
chr1	203077	203177
chr1	204014	204114
chr1	204354	204454
chr1	204568	204668
chr1	204962	205062
chr1	205423	205523
chr1	206466	206566
chr1	206806	206906
chr1	206999	207099
chr1	207303	207403
chr1	207520	207620
chr1	207711	207811
chr1	208604	208704
chr1	209195	209295
chr1	209324	209424
chr1	209644	209744
chr1	209824	209924
chr1	209945	210045
chr1	210158	210258
chr1	210449	210549
chr1	210843	210943
chr1	210991	211091
chr1	211333	211433
chr1	211587	211687
chr1	211895	211995
chr1	212040	212140
chr1	212234	212334
chr1	212605	212705
chr1	213006	213106
chr1	214269	214369
chr1	214455	214555
chr1	215143	215243
chr1	216077	216177
chr1	216371	216471
chr1	216656	216756
chr1	216781	216881
chr1	217186	217286
chr1	217307	217407
chr1	217879	217979
chr1	218417	218517
chr1	218667	218767
chr1	218984	219084
chr1	219099	219199
chr1	219451	219551
chr1	219636	219736
chr1	219796	219896
chr1	219938	220038
chr1	220061	220161
chr1	220797	220897
chr1	221767	221867
chr1	221956	222056
chr1	222264	222364
chr1	222970	223070
chr1	223989	224089
chr1	224122	224222
chr1	224646	224746
chr1	226088	226188
chr1	226298	226398
chr1	226404	226504
chr1	226712	226812
chr1	226901	227001
chr1	227139	227239
chr1	227523	227623
chr1	228757	228857
chr1	229309	229409
chr1	229640	229740
chr1	229935	230035
chr1	230046	230146
chr1	230237	230337
chr1	230621	230721
chr1	231046	231146
chr1	231580	231680
chr1	232401	232501
chr1	232523	232623
chr1	233713	233813
chr1	233959	234059
chr1	234226	234326
chr1	234687	234787
chr1	234896	234996
chr1	235435	235535
chr1	235772	235872
chr1	236250	236350
chr1	236373	236473
chr1	236715	236815
chr1	236835	236935
chr1	237218	237318
chr1	237486	237586
chr1	238040	238140
chr1	238370	238470
chr1	238482	238582
chr1	239495	239595
chr1	240011	240111
chr1	240162	240262
chr1	240344	240444
chr1	241310	241410
chr1	241551	241651
chr1	241681	241781
chr1	241831	241931
chr1	241961	242061
chr1	242255	242355
chr1	242447	242547
chr1	242654	242754
chr1	242875	242975
chr1	243604	243704
chr1	244206	244306
chr1	244966	245066
chr1	245591	245691
chr1	245693	245793
chr1	246466	246566
chr1	247260	247360
chr1	247547	247647
chr1	247852	247952
chr1	248168	248268
chr1	248311	248411
chr1	248927	249027
chr1	249339	249439
chr1	249762	249862
chr1	249887	249987
chr1	250244	250344
chr1	250813	250913
chr1	251189	251289
chr1	251792	251892
chr1	252110	252210
chr1	252677	252777
chr1	253487	253587
chr1	253965	254065
chr1	254511	254611
chr1	255175	255275
chr1	255410	255510
chr1	255652	255752
chr1	256286	256386
chr1	256552	256652
chr1	256800	256900
chr1	257528	257628
chr1	257677	257777
chr1	258296	258396
chr1	258686	258786
chr1	259794	259894
chr1	260075	260175
chr1	260571	260671
chr1	260783	260883
chr1	260908	261008
chr1	261701	261801
chr1	261974	262074
chr1	262135	262235
chr1	262381	262481
chr1	262893	262993
chr1	263304	263404
chr1	263458	263558
chr1	263675	263775
chr1	263897	263997
chr1	264933	265033
chr1	265042	265142
chr1	265244	265344
chr1	265410	265510
chr1	265624	265724
chr1	265832	265932
chr1	266041	266141
chr1	266812	266912
chr1	267116	267216
chr1	267403	267503
chr1	267745	267845
chr1	267944	268044
chr1	268062	268162
chr1	268722	268822
chr1	269212	269312
chr1	269569	269669
chr1	269692	269792
chr1	269881	269981
chr1	270469	270569
chr1	270784	270884
chr1	271078	271178
chr1	271441	271541
chr1	271591	271691
chr1	272413	272513
chr1	273046	273146
chr1	273350	273450
chr1	273612	273712
chr1	273713	273813
chr1	274161	274261
chr1	274318	274418
chr1	274605	274705
chr1	274761	274861
chr1	275084	275184
chr1	275250	275350
chr1	275562	275662
chr1	275686	275786
chr1	275803	275903
chr1	276117	276217
chr1	276330	276430
chr1	276588	276688
chr1	276713	276813
chr1	277685	277785
chr1	277863	277963
chr1	278039	278139
chr1	279957	280057
chr1	280293	280393
chr1	280882	280982
chr1	281739	281839
chr1	281853	281953
chr1	282421	282521
chr1	282700	282800
chr1	283067	283167
chr1	283392	283492
chr1	283560	283660
chr1	283746	283846
chr1	284377	284477
chr1	284771	284871
chr1	285362	285462
chr1	285631	285731
chr1	286192	286292
chr1	286825	286925
chr1	286964	287064
chr1	287084	287184
chr1	287479	287579
chr1	288191	288291
chr1	288403	288503
chr1	288702	288802
chr1	289862	289962
chr1	290079	290179
chr1	291083	291183
chr1	291537	291637
chr1	291839	291939
chr1	292215	292315
chr1	292498	292598
chr1	292712	292812
chr1	292980	293080
chr1	293240	293340
chr1	293510	293610
chr1	293754	293854
chr1	294045	294145
chr1	294257	294357
chr1	294529	294629
chr1	295001	295101
chr1	295440	295540
chr1	295998	296098
chr1	296324	296424
chr1	296883	296983
chr1	297710	297810
chr1	297934	298034
chr1	298037	298137
chr1	298410	298510
chr1	298597	298697
chr1	298865	298965
chr1	299043	299143
chr1	300555	300655
chr1	300904	301004
chr1	301652	301752
chr1	301831	301931
chr1	301958	302058
chr1	302442	302542
chr1	302711	302811
chr1	302995	303095
chr1	303119	303219
chr1	303294	303394
chr1	303412	303512
chr1	303541	303641
chr1	303938	304038
chr1	304039	304139
chr1	304169	304269
chr1	304314	304414
chr1	304839	304939
chr1	305569	305669
chr1	306245	306345
chr1	306405	306505
chr1	307010	307110
chr1	307411	307511
chr1	308069	308169
chr1	308220	308320
chr1	308964	309064
chr1	309318	309418
chr1	309488	309588
chr1	309647	309747
chr1	309893	309993
chr1	310161	310261
chr1	310265	310365
chr1	310877	310977
chr1	311106	311206
chr1	311211	311311
chr1	311422	311522
chr1	311805	311905
chr1	312210	312310
chr1	312315	312415
chr1	312755	312855
chr1	313122	313222
chr1	313238	313338
chr1	314066	314166
chr1	314209	314309
chr1	314320	314420
chr1	314821	314921
chr1	315502	315602
chr1	316060	316160
chr1	316364	316464
chr1	316637	316737
chr1	316934	317034
chr1	317304	317404
chr1	317617	317717
chr1	318129	318229
chr1	318356	318456
chr1	318473	318573
chr1	318759	318859
chr1	319330	319430
chr1	319738	319838
chr1	320651	320751
chr1	320948	321048
chr1	322256	322356
chr1	322718	322818
chr1	323032	323132
chr1	323655	323755
chr1	324226	324326
chr1	324397	324497
chr1	324509	324609
chr1	325075	325175
chr1	325349	325449
chr1	325484	325584
chr1	325866	325966
chr1	326379	326479
chr1	326792	326892
chr1	328143	328243
chr1	328392	328492
chr1	329486	329586
chr1	329813	329913
chr1	330127	330227
chr1	330341	330441
chr1	330806	330906
chr1	331093	331193
chr1	331206	331306
chr1	331448	331548
chr1	331724	331824
chr1	331849	331949
chr1	332033	332133
chr1	332181	332281
chr1	332411	332511
chr1	332583	332683
chr1	332785	332885
chr1	333466	333566
chr1	333943	334043
chr1	334114	334214
chr1	334566	334666
chr1	334807	334907
chr1	335396	335496
chr1	335603	335703
chr1	335819	335919
chr1	336289	336389
chr1	337077	337177
chr1	337478	337578
chr1	337596	337696
chr1	337737	337837
chr1	337934	338034
chr1	338161	338261
chr1	338891	338991
chr1	339066	339166
chr1	339230	339330
chr1	339369	339469
chr1	339696	339796
chr1	340062	340162
chr1	340618	340718
chr1	340829	340929
chr1	341212	341312
chr1	341566	341666
chr1	341886	341986
chr1	342021	342121
chr1	342505	342605
chr1	343079	343179
chr1	343401	343501
chr1	343662	343762
chr1	343970	344070
chr1	344924	345024
chr1	345210	345310
chr1	345812	345912
chr1	346362	346462
chr1	346657	346757
chr1	346906	347006
chr1	347112	347212
chr1	347624	347724
chr1	347782	347882
chr1	349120	349220
chr1	349461	349561
chr1	349634	349734
chr1	349949	350049
chr1	350781	350881
chr1	351193	351293
chr1	351440	351540
chr1	352019	352119
chr1	352549	352649
chr1	353328	353428
chr1	353440	353540
chr1	354000	354100
chr1	354963	355063
chr1	355390	355490
chr1	355980	356080
chr1	356349	356449
chr1	356613	356713
chr1	356937	357037
chr1	357618	357718
chr1	358755	358855
chr1	359577	359677
chr1	359926	360026
chr1	360138	360238
chr1	360498	360598
chr1	361255	361355
chr1	361808	361908
chr1	362240	362340
chr1	362352	362452
chr1	363255	363355
chr1	363826	363926
chr1	364268	364368
chr1	364507	364607
chr1	364739	364839
chr1	364917	365017
chr1	365043	365143
chr1	365435	365535
chr1	365547	365647
chr1	365676	365776
chr1	366128	366228
chr1	366464	366564
chr1	366847	366947
chr1	367062	367162
chr1	367781	367881
chr1	368544	368644
chr1	368968	369068
chr1	369299	369399
chr1	369423	369523
chr1	369596	369696
chr1	370198	370298
chr1	371015	371115
chr1	371171	371271
chr1	371509	371609
chr1	372087	372187
chr1	372381	372481
chr1	372486	372586
chr1	372743	372843
chr1	372892	372992
chr1	373106	373206
chr1	373308	373408
chr1	373713	373813
chr1	373879	373979
chr1	374775	374875
chr1	376412	376512
chr1	377104	377204
chr1	377810	377910
chr1	378038	378138
chr1	378710	378810
chr1	379427	379527
chr1	379547	379647
chr1	379913	380013
chr1	380229	380329
chr1	380602	380702
chr1	380776	380876
chr1	380986	381086
chr1	381470	381570
chr1	381676	381776
chr1	382012	382112
chr1	382481	382581
chr1	382939	383039
chr1	383699	383799
chr1	384523	384623
chr1	384668	384768
chr1	384972	385072
chr1	385103	385203
chr1	385522	385622
chr1	385677	385777
chr1	386089	386189
chr1	387088	387188
chr1	387699	387799
chr1	388107	388207
chr1	388328	388428
chr1	388884	388984
chr1	389455	389555
chr1	389909	390009
chr1	390273	390373
chr1	390609	390709
chr1	390853	390953
chr1	391550	391650
chr1	391777	391877
chr1	392011	392111
chr1	392481	392581
chr1	392615	392715
chr1	392787	392887
chr1	392908	393008
chr1	393818	393918
chr1	394202	394302
chr1	394904	395004
chr1	395024	395124
chr1	395528	395628
chr1	395710	395810
chr1	395884	395984
chr1	396349	396449
chr1	396606	396706
chr1	396754	396854
chr1	397718	397818
chr1	398873	398973
chr1	399367	399467
chr1	399603	399703
chr1	399724	399824
chr1	399910	400010
chr1	400135	400235
chr1	400297	400397
chr1	400927	401027
chr1	401103	401203
chr1	401520	401620
chr1	402117	402217
chr1	402430	402530
chr1	402671	402771
chr1	402823	402923
chr1	402932	403032
chr1	403107	403207
chr1	403740	403840
chr1	404257	404357
chr1	404512	404612
chr1	405173	405273
chr1	405291	405391
chr1	405582	405682
chr1	405743	405843
chr1	406589	406689
chr1	406887	406987
chr1	407531	407631
chr1	407984	408084
chr1	408223	408323
chr1	408677	408777
chr1	409083	409183
chr1	409202	409302
chr1	409316	409416
chr1	409828	409928
chr1	410003	410103
chr1	410257	410357
chr1	411156	411256
chr1	411924	412024
chr1	412322	412422
chr1	412445	412545
chr1	413076	413176
chr1	413251	413351
chr1	413960	414060
chr1	415273	415373
chr1	415416	415516
chr1	415699	415799
chr1	415859	415959
chr1	416113	416213
chr1	416593	416693
chr1	416798	416898
chr1	417249	417349
chr1	417599	417699
chr1	418545	418645
chr1	418804	418904
chr1	419780	419880
chr1	419907	420007
chr1	420077	420177
chr1	420777	420877
chr1	420930	421030
chr1	421616	421716
chr1	422419	422519
chr1	422906	423006
chr1	423458	423558
chr1	423576	423676
chr1	424388	424488
chr1	424546	424646
chr1	424700	424800
chr1	424984	425084
chr1	425174	425274
chr1	425667	425767
chr1	426288	426388
chr1	426768	426868
chr1	426887	426987
chr1	427376	427476
chr1	427859	427959
chr1	428325	428425
chr1	428479	428579
chr1	429642	429742
chr1	429875	429975
chr1	430300	430400
chr1	430509	430609
chr1	430724	430824
chr1	431042	431142
chr1	431828	431928
chr1	433209	433309
chr1	433501	433601
chr1	434055	434155
chr1	434169	434269
chr1	434423	434523
chr1	434624	434724
chr1	434744	434844
chr1	434981	435081
chr1	435253	435353
chr1	435462	435562
chr1	436246	436346
chr1	436427	436527
chr1	436586	436686
chr1	436839	436939
chr1	437230	437330
chr1	437847	437947
chr1	438041	438141
chr1	438741	438841
chr1	438991	439091
chr1	439556	439656
chr1	440322	440422
chr1	440592	440692
chr1	440694	440794
chr1	441002	441102
chr1	441914	442014
chr1	442100	442200
chr1	442258	442358
chr1	442532	442632
chr1	442732	442832
chr1	443089	443189
chr1	443512	443612
chr1	444548	444648
chr1	445028	445128
chr1	445153	445253
chr1	446490	446590
chr1	446816	446916
chr1	447596	447696
chr1	447762	447862
chr1	448201	448301
chr1	448604	448704
chr1	448965	449065
chr1	449188	449288
chr1	449342	449442
chr1	449604	449704
chr1	449884	449984
chr1	450476	450576
chr1	450850	450950
chr1	451381	451481
chr1	451796	451896
chr1	452165	452265
chr1	452558	452658
chr1	452774	452874
chr1	453127	453227
chr1	453326	453426
chr1	453640	453740
chr1	453869	453969
chr1	455125	455225
chr1	455279	455379
chr1	455476	455576
chr1	455709	455809
chr1	455829	455929
chr1	455949	456049
chr1	456312	456412
chr1	456618	456718
chr1	457551	457651
chr1	457699	457799
chr1	457894	457994
chr1	458100	458200
chr1	458755	458855
chr1	459068	459168
chr1	459786	459886
chr1	460323	460423
chr1	460963	461063
chr1	461383	461483
chr1	462132	462232
chr1	462469	462569
chr1	463018	463118
chr1	463229	463329
chr1	463512	463612
chr1	464601	464701
chr1	465002	465102
chr1	466101	466201
chr1	466244	466344
chr1	466742	466842
chr1	466902	467002
chr1	467124	467224
chr1	467229	467329
chr1	467340	467440
chr1	467566	467666
chr1	467756	467856
chr1	468054	468154
chr1	468638	468738
chr1	469154	469254
chr1	469470	469570
chr1	469713	469813
chr1	470009	470109
chr1	470164	470264
chr1	471306	471406
chr1	471962	472062
chr1	472192	472292
chr1	472333	472433
chr1	472474	472574
chr1	472892	472992
chr1	473521	473621
chr1	473647	473747
chr1	474142	474242
chr1	474800	474900
chr1	475119	475219
chr1	475662	475762
chr1	475910	476010
chr1	476340	476440
chr1	476720	476820
chr1	477495	477595
chr1	477600	477700
chr1	477938	478038
chr1	478055	478155
chr1	478289	478389
chr1	478477	478577
chr1	478629	478729
chr1	478841	478941
chr1	479255	479355
chr1	479371	479471
chr1	479737	479837
chr1	480210	480310
chr1	481323	481423
chr1	481543	481643
chr1	481862	481962
chr1	482150	482250
chr1	482416	482516
chr1	482578	482678
chr1	483493	483593
chr1	483666	483766
chr1	483878	483978
chr1	484114	484214
chr1	484381	484481
chr1	484976	485076
chr1	485146	485246
chr1	485328	485428
chr1	485837	485937
chr1	486146	486246
chr1	486316	486416
chr1	486677	486777
chr1	487346	487446
chr1	487472	487572
chr1	487806	487906
chr1	487933	488033
chr1	489397	489497
chr1	489723	489823
chr1	489921	490021
chr1	490368	490468
chr1	490652	490752
chr1	490826	490926
chr1	491125	491225
chr1	491814	491914
chr1	491939	492039
chr1	493511	493611
chr1	493647	493747
chr1	493782	493882
chr1	493947	494047
chr1	494094	494194
chr1	494253	494353
chr1	495048	495148
chr1	495583	495683
chr1	495712	495812
chr1	495957	496057
chr1	496206	496306
chr1	496552	496652
chr1	496807	496907
chr1	497178	497278
chr1	497311	497411
chr1	498591	498691
chr1	499187	499287
chr1	499363	499463
chr1	499891	499991
chr1	500303	500403
chr1	500730	500830
chr1	501242	501342
chr1	501363	501463
chr1	501716	501816
chr1	501852	501952
chr1	502426	502526
chr1	502890	502990
chr1	503137	503237
chr1	504116	504216
chr1	504427	504527
chr1	504529	504629
chr1	504716	504816
chr1	504858	504958
chr1	505122	505222
chr1	505270	505370
chr1	505833	505933
chr1	506082	506182
chr1	506265	506365
chr1	506631	506731
chr1	507007	507107
chr1	507570	507670
chr1	507735	507835
chr1	508098	508198
chr1	508815	508915
chr1	508962	509062
chr1	509098	509198
chr1	509424	509524
chr1	509539	509639
chr1	509710	509810
chr1	510049	510149
chr1	510504	510604
chr1	510929	511029
chr1	511072	511172
chr1	511204	511304
chr1	512380	512480
chr1	512547	512647
chr1	513055	513155
chr1	513519	513619
chr1	514115	514215
chr1	514239	514339
chr1	514358	514458
chr1	514897	514997
chr1	515034	515134
chr1	515529	515629
chr1	516707	516807
chr1	516862	516962
chr1	518442	518542
chr1	518855	518955
chr1	519256	519356
chr1	520043	520143
chr1	520468	520568
chr1	521935	522035
chr1	522251	522351
chr1	522960	523060
chr1	523286	523386
chr1	523417	523517
chr1	524172	524272
chr1	524430	524530
chr1	524647	524747
chr1	525606	525706
chr1	525794	525894
chr1	526032	526132
chr1	526332	526432
chr1	526585	526685
chr1	527207	527307
chr1	527422	527522
chr1	528536	528636
chr1	528653	528753
chr1	529062	529162
chr1	529267	529367
chr1	529392	529492
chr1	529915	530015
chr1	530043	530143
chr1	530242	530342
chr1	530427	530527
chr1	530603	530703
chr1	530825	530925
chr1	531062	531162
chr1	531433	531533
chr1	532019	532119
chr1	532278	532378
chr1	532434	532534
chr1	533277	533377
chr1	533661	533761
chr1	533853	533953
chr1	534073	534173
chr1	534549	534649
chr1	534977	535077
chr1	535472	535572
chr1	535805	535905
chr1	537050	537150
chr1	537339	537439
chr1	537522	537622
chr1	537686	537786
chr1	537816	537916
chr1	538122	538222
chr1	538787	538887
chr1	539201	539301
chr1	539468	539568
chr1	539615	539715
chr1	539783	539883
chr1	540234	540334
chr1	540835	540935
chr1	541084	541184
chr1	541220	541320
chr1	541643	541743
chr1	542027	542127
chr1	542398	542498
chr1	542572	542672
chr1	543621	543721
chr1	543741	543841
chr1	544284	544384
chr1	544510	544610
chr1	544655	544755
chr1	544891	544991
chr1	545118	545218
chr1	545526	545626
chr1	545649	545749
chr1	545771	545871
chr1	546397	546497
chr1	546837	546937
chr1	547167	547267
chr1	547671	547771
chr1	548093	548193
chr1	548233	548333
chr1	548426	548526
chr1	548668	548768
chr1	549007	549107
chr1	549208	549308
chr1	549707	549807
chr1	550135	550235
chr1	550305	550405
chr1	550524	550624
chr1	550877	550977
chr1	550996	551096
chr1	551312	551412
chr1	551760	551860
chr1	552116	552216
chr1	552724	552824
chr1	553448	553548
chr1	553721	553821
chr1	554141	554241
chr1	554472	554572
chr1	555327	555427
chr1	555451	555551
chr1	556116	556216
chr1	556257	556357
chr1	556436	556536
chr1	557046	557146
chr1	557147	557247
chr1	557519	557619
chr1	558290	558390
chr1	558724	558824
chr1	559188	559288
chr1	559497	559597
chr1	559623	559723
chr1	560116	560216
chr1	560612	560712
chr1	561248	561348
chr1	561765	561865
chr1	562117	562217
chr1	562791	562891
chr1	563522	563622
chr1	563637	563737
chr1	564250	564350
chr1	564749	564849
chr1	564910	565010
chr1	565457	565557
chr1	566055	566155
chr1	566355	566455
chr1	566565	566665
chr1	566692	566792
chr1	566803	566903
chr1	566910	567010
chr1	567830	567930
chr1	568018	568118
chr1	568501	568601
chr1	568602	568702
chr1	568921	569021
chr1	569148	569248
chr1	569258	569358
chr1	569455	569555
chr1	570155	570255
chr1	570902	571002
chr1	571008	571108
chr1	571177	571277
chr1	571294	571394
chr1	571559	571659
chr1	572469	572569
chr1	572627	572727
chr1	573060	573160
chr1	573623	573723
chr1	573840	573940
chr1	573956	574056
chr1	574402	574502
chr1	574582	574682
chr1	575636	575736
chr1	575767	575867
chr1	576094	576194
chr1	576835	576935
chr1	577017	577117
chr1	577195	577295
chr1	577296	577396
chr1	577849	577949
chr1	578389	578489
chr1	579044	579144
chr1	579398	579498
chr1	579695	579795
chr1	580530	580630
chr1	580680	580780
chr1	580824	580924
chr1	581027	581127
chr1	581466	581566
chr1	581960	582060
chr1	582290	582390
chr1	583054	583154
chr1	583433	583533
chr1	583665	583765
chr1	584126	584226
chr1	584296	584396
chr1	585016	585116
chr1	585450	585550
chr1	585640	585740
chr1	585840	585940
chr1	585970	586070
chr1	586505	586605
chr1	586850	586950
chr1	588025	588125
chr1	588691	588791
chr1	588805	588905
chr1	588975	589075
chr1	589385	589485
chr1	590010	590110
chr1	590263	590363
chr1	590640	590740
chr1	591307	591407
chr1	591536	591636
chr1	592049	592149
chr1	592164	592264
chr1	592458	592558
chr1	592599	592699
chr1	592806	592906
chr1	593861	593961
chr1	594096	594196
chr1	594506	594606
chr1	594696	594796
chr1	595503	595603
chr1	596219	596319
chr1	596487	596587
chr1	596788	596888
chr1	596950	597050
chr1	597462	597562
chr1	598145	598245
chr1	598677	598777
chr1	598947	599047
chr1	599217	599317
chr1	599333	599433
chr1	599531	599631
chr1	599667	599767
chr1	599774	599874
chr1	600509	600609
chr1	601129	601229
chr1	601984	602084
chr1	602105	602205
chr1	602596	602696
chr1	602858	602958
chr1	603125	603225
chr1	603422	603522
chr1	603539	603639
chr1	603968	604068
chr1	604212	604312
chr1	604438	604538
chr1	604797	604897
chr1	605083	605183
chr1	605208	605308
chr1	605734	605834
chr1	605892	605992
chr1	606692	606792
chr1	606870	606970
chr1	607220	607320
chr1	607332	607432
chr1	607510	607610
chr1	607632	607732
chr1	608067	608167
chr1	608577	608677
chr1	609138	609238
chr1	609440	609540
chr1	609576	609676
chr1	609850	609950
chr1	610101	610201
chr1	610499	610599
chr1	610813	610913
chr1	611230	611330
chr1	611365	611465
chr1	611529	611629
chr1	611994	612094
chr1	612148	612248
chr1	612285	612385
chr1	612503	612603
chr1	613024	613124
chr1	613140	613240
chr1	614066	614166
chr1	615004	615104
chr1	615545	615645
chr1	615915	616015
chr1	616193	616293
chr1	616663	616763
chr1	617081	617181
chr1	617377	617477
chr1	617771	617871
chr1	618008	618108
chr1	618326	618426
chr1	618637	618737
chr1	618810	618910
chr1	619973	620073
chr1	620092	620192
chr1	620329	620429
chr1	620973	621073
chr1	621220	621320
chr1	621504	621604
chr1	621982	622082
chr1	622496	622596
chr1	622777	622877
chr1	622945	623045
chr1	623090	623190
chr1	623370	623470
chr1	624029	624129
chr1	624171	624271
chr1	624428	624528
chr1	624648	624748
chr1	625183	625283
chr1	625355	625455
chr1	625644	625744
chr1	626025	626125
chr1	626162	626262
chr1	626428	626528
chr1	627933	628033
chr1	628104	628204
chr1	628267	628367
chr1	628457	628557
chr1	628949	629049
chr1	629131	629231
chr1	629345	629445
chr1	630587	630687
chr1	631077	631177
chr1	631547	631647
chr1	631888	631988
chr1	632047	632147
chr1	632201	632301
chr1	632362	632462
chr1	632898	632998
chr1	633096	633196
chr1	633883	633983
chr1	634191	634291
chr1	634300	634400
chr1	634814	634914
chr1	635002	635102
chr1	635496	635596
chr1	635903	636003
chr1	636229	636329
chr1	636475	636575
chr1	636863	636963
chr1	637050	637150
chr1	637279	637379
chr1	637421	637521
chr1	637602	637702
chr1	639361	639461
chr1	639482	639582
chr1	639796	639896
chr1	639998	640098
chr1	640385	640485
chr1	641016	641116
chr1	641960	642060
chr1	642858	642958
chr1	643024	643124
chr1	643194	643294
chr1	643316	643416
chr1	644108	644208
chr1	644510	644610
chr1	644703	644803
chr1	644966	645066
chr1	645168	645268
chr1	645556	645656
chr1	645676	645776
chr1	645982	646082
chr1	646398	646498
chr1	646953	647053
chr1	647283	647383
chr1	647397	647497
chr1	647876	647976
chr1	648081	648181
chr1	648306	648406
chr1	648622	648722
chr1	648868	648968
chr1	648989	649089
chr1	649411	649511
chr1	650302	650402
chr1	650427	650527
chr1	650719	650819
chr1	650844	650944
chr1	651179	651279
chr1	651303	651403
chr1	651411	651511
chr1	652538	652638
chr1	652854	652954
chr1	653148	653248
chr1	653521	653621
chr1	653853	653953
chr1	654312	654412
chr1	655072	655172
chr1	655214	655314
chr1	656497	656597
chr1	657639	657739
chr1	658248	658348
chr1	658366	658466
chr1	658534	658634
chr1	658815	658915
chr1	659307	659407
chr1	660418	660518
chr1	661278	661378
chr1	661401	661501
chr1	662166	662266
chr1	662445	662545
chr1	662921	663021
chr1	663115	663215
chr1	664497	664597
chr1	664695	664795
chr1	665928	666028
chr1	666037	666137
chr1	666170	666270
chr1	666569	666669
chr1	666703	666803
chr1	666938	667038
chr1	667146	667246
chr1	667280	667380
chr1	667661	667761
chr1	668262	668362
chr1	668608	668708
chr1	669399	669499
chr1	670009	670109
chr1	670344	670444
chr1	670458	670558
chr1	670747	670847
chr1	671845	671945
chr1	672405	672505
chr1	672887	672987
chr1	673031	673131
chr1	673408	673508
chr1	673764	673864
chr1	675270	675370
chr1	676158	676258
chr1	676340	676440
chr1	676631	676731
chr1	677031	677131
chr1	677390	677490
chr1	677532	677632
chr1	677766	677866
chr1	677913	678013
chr1	678532	678632
chr1	678704	678804
chr1	679189	679289
chr1	679422	679522
chr1	679597	679697
chr1	679926	680026
chr1	680040	680140
chr1	680179	680279
chr1	680813	680913
chr1	681202	681302
chr1	681469	681569
chr1	681653	681753
chr1	682241	682341
chr1	683490	683590
chr1	683634	683734
chr1	684138	684238
chr1	684387	684487
chr1	684609	684709
chr1	684933	685033
chr1	685259	685359
chr1	686174	686274
chr1	686435	686535
chr1	686608	686708
chr1	687543	687643
chr1	687701	687801
chr1	687853	687953
chr1	688087	688187
chr1	688212	688312
chr1	688760	688860
chr1	689662	689762
chr1	689837	689937
chr1	690114	690214
chr1	690669	690769
chr1	691427	691527
chr1	692309	692409
chr1	692990	693090
chr1	693327	693427
chr1	693494	693594
chr1	693815	693915
chr1	694649	694749
chr1	695031	695131
chr1	695287	695387
chr1	695596	695696
chr1	695838	695938
chr1	696053	696153
chr1	696996	697096
chr1	698100	698200
chr1	698213	698313
chr1	698710	698810
chr1	698948	699048
chr1	699785	699885
chr1	700236	700336
chr1	700535	700635
chr1	701187	701287
chr1	701330	701430
chr1	702074	702174
chr1	702223	702323
chr1	702398	702498
chr1	702680	702780
chr1	703829	703929
chr1	704120	704220
chr1	704643	704743
chr1	705043	705143
chr1	705364	705464
chr1	705795	705895
chr1	705946	706046
chr1	706176	706276
chr1	706517	706617
chr1	706901	707001
chr1	707173	707273
chr1	707413	707513
chr1	707785	707885
chr1	708152	708252
chr1	708658	708758
chr1	708871	708971
chr1	709026	709126
chr1	709409	709509
chr1	710188	710288
chr1	710627	710727
chr1	711042	711142
chr1	711405	711505
chr1	711538	711638
chr1	712058	712158
chr1	713078	713178
chr1	713326	713426
chr1	713744	713844
chr1	714563	714663
chr1	714693	714793
chr1	714889	714989
chr1	715208	715308
chr1	715531	715631
chr1	716012	716112
chr1	716449	716549
chr1	716695	716795
chr1	717246	717346
chr1	717677	717777
chr1	718158	718258
chr1	718356	718456
chr1	718999	719099
chr1	719147	719247
chr1	719373	719473
chr1	720117	720217
chr1	720425	720525
chr1	721655	721755
chr1	722052	722152
chr1	722434	722534
chr1	722613	722713
chr1	722788	722888
chr1	723593	723693
chr1	724285	724385
chr1	724392	724492
chr1	724568	724668
chr1	725131	725231
chr1	725803	725903
chr1	726072	726172
chr1	726179	726279
chr1	726788	726888
chr1	727065	727165
chr1	727216	727316
chr1	728795	728895
chr1	729136	729236
chr1	729550	729650
chr1	729894	729994
chr1	730464	730564
chr1	730596	730696
chr1	730812	730912
chr1	731271	731371
chr1	731727	731827
chr1	732398	732498
chr1	732540	732640
chr1	733797	733897
chr1	734144	734244
chr1	734371	734471
chr1	734860	734960
chr1	734986	735086
chr1	735147	735247
chr1	735434	735534
chr1	735547	735647
chr1	735674	735774
chr1	736214	736314
chr1	736353	736453
chr1	736810	736910
chr1	736968	737068
chr1	737391	737491
chr1	737540	737640
chr1	737790	737890
chr1	737973	738073
chr1	738490	738590
chr1	738763	738863
chr1	739334	739434
chr1	739976	740076
chr1	741121	741221
chr1	741352	741452
chr1	741944	742044
chr1	742365	742465
chr1	742630	742730
chr1	742774	742874
chr1	742976	743076
chr1	743306	743406
chr1	743741	743841
chr1	744611	744711
chr1	744717	744817
chr1	745362	745462
chr1	745570	745670
chr1	746030	746130
chr1	746262	746362
chr1	746434	746534
chr1	746749	746849
chr1	746952	747052
chr1	747379	747479
chr1	747662	747762
chr1	747871	747971
chr1	748145	748245
chr1	748357	748457
chr1	748675	748775
chr1	749174	749274
chr1	749606	749706
chr1	749787	749887
chr1	749892	749992
chr1	750364	750464
chr1	750566	750666
chr1	750788	750888
chr1	750927	751027
chr1	751188	751288
chr1	751452	751552
chr1	752619	752719
chr1	753059	753159
chr1	753253	753353
chr1	753372	753472
chr1	754071	754171
chr1	754197	754297
chr1	754361	754461
chr1	754882	754982
chr1	755036	755136
chr1	755425	755525
chr1	757240	757340
chr1	757472	757572
chr1	757766	757866
chr1	758684	758784
chr1	758893	758993
chr1	759279	759379
chr1	759421	759521
chr1	759837	759937
chr1	759992	760092
chr1	760993	761093
chr1	761899	761999
chr1	762279	762379
chr1	762724	762824
chr1	762902	763002
chr1	763289	763389
chr1	763420	763520
chr1	763589	763689
chr1	763699	763799
chr1	764116	764216
chr1	764703	764803
chr1	765295	765395
chr1	765703	765803
chr1	766049	766149
chr1	766192	766292
chr1	766787	766887
chr1	767087	767187
chr1	767447	767547
chr1	767794	767894
chr1	768187	768287
chr1	768561	768661
chr1	769239	769339
chr1	769408	769508
chr1	770939	771039
chr1	771116	771216
chr1	771700	771800
chr1	772080	772180
chr1	772503	772603
chr1	773424	773524
chr1	773748	773848
chr1	774025	774125
chr1	774342	774442
chr1	774636	774736
chr1	774948	775048
chr1	775434	775534
chr1	775809	775909
chr1	775914	776014
chr1	776302	776402
chr1	776763	776863
chr1	776940	777040
chr1	777186	777286
chr1	777317	777417
chr1	778377	778477
chr1	778761	778861
chr1	778955	779055
chr1	779402	779502
chr1	779608	779708
chr1	780417	780517
chr1	780672	780772
chr1	781249	781349
chr1	781892	781992
chr1	782556	782656
chr1	782892	782992
chr1	783044	783144
chr1	783158	783258
chr1	783554	783654
chr1	783836	783936
chr1	783985	784085
chr1	784184	784284
chr1	784454	784554
chr1	784827	784927
chr1	784983	785083
chr1	785102	785202
chr1	785924	786024
chr1	786315	786415
chr1	786539	786639
chr1	786697	786797
chr1	786945	787045
chr1	787206	787306
chr1	787522	787622
chr1	788243	788343
chr1	788787	788887
chr1	789162	789262
chr1	789550	789650
chr1	789719	789819
chr1	789993	790093
chr1	790291	790391
chr1	791022	791122
chr1	791672	791772
chr1	792219	792319
chr1	792504	792604
chr1	794471	794571
chr1	795151	795251
chr1	795358	795458
chr1	795851	795951
chr1	796268	796368
chr1	797065	797165
chr1	797310	797410
chr1	797624	797724
chr1	797974	798074
chr1	798165	798265
chr1	798575	798675
chr1	798902	799002
chr1	799374	799474
chr1	799747	799847
chr1	799851	799951
chr1	799980	800080
chr1	800146	800246
chr1	800442	800542
chr1	800688	800788
chr1	802457	802557
chr1	802647	802747
chr1	803040	803140
chr1	803858	803958
chr1	804432	804532
chr1	804810	804910
chr1	805087	805187
chr1	805574	805674
chr1	806584	806684
chr1	806748	806848
chr1	807189	807289
chr1	807782	807882
chr1	808330	808430
chr1	808662	808762
chr1	808901	809001
chr1	809216	809316
chr1	809848	809948
chr1	810067	810167
chr1	810464	810564
chr1	810848	810948
chr1	810958	811058
chr1	811116	811216
chr1	811751	811851
chr1	811991	812091
chr1	812321	812421
chr1	812442	812542
chr1	812641	812741
chr1	812760	812860
chr1	812968	813068
chr1	813696	813796
chr1	814075	814175
chr1	814264	814364
chr1	814370	814470
chr1	814974	815074
chr1	815195	815295
chr1	815640	815740
chr1	816081	816181
chr1	816550	816650
chr1	816951	817051
chr1	817265	817365
chr1	817775	817875
chr1	818281	818381
chr1	819179	819279
chr1	819505	819605
chr1	819632	819732
chr1	820418	820518
chr1	820557	820657
chr1	821053	821153
chr1	821287	821387
chr1	821787	821887
chr1	822096	822196
chr1	822932	823032
chr1	823055	823155
chr1	824055	824155
chr1	824259	824359
chr1	824531	824631
chr1	825138	825238
chr1	825614	825714
chr1	825854	825954
chr1	826806	826906
chr1	827204	827304
chr1	828332	828432
chr1	828821	828921
chr1	829134	829234
chr1	829481	829581
chr1	829712	829812
chr1	829910	830010
chr1	830112	830212
chr1	830461	830561
chr1	831299	831399
chr1	831471	831571
chr1	831686	831786
chr1	832329	832429
chr1	833160	833260
chr1	833583	833683
chr1	834029	834129
chr1	834445	834545
chr1	834700	834800
chr1	835297	835397
chr1	836104	836204
chr1	836851	836951
chr1	838090	838190
chr1	838382	838482
chr1	839064	839164
chr1	839250	839350
chr1	839753	839853
chr1	840414	840514
chr1	840545	840645
chr1	841067	841167
chr1	841205	841305
chr1	841361	841461
chr1	841466	841566
chr1	841621	841721
chr1	841973	842073
chr1	842085	842185
chr1	842527	842627
chr1	842954	843054
chr1	843637	843737
chr1	844087	844187
chr1	844490	844590
chr1	844676	844776
chr1	844990	845090
chr1	845169	845269
chr1	845638	845738
chr1	845793	845893
chr1	846129	846229
chr1	846605	846705
chr1	847607	847707
chr1	847952	848052
chr1	848395	848495
chr1	848503	848603
chr1	848905	849005
chr1	849500	849600
chr1	850938	851038
chr1	851436	851536
chr1	851821	851921
chr1	852124	852224
chr1	852543	852643
chr1	853125	853225
chr1	853641	853741
chr1	853927	854027
chr1	854358	854458
chr1	854518	854618
chr1	854987	855087
chr1	855312	855412
chr1	855713	855813
chr1	856191	856291
chr1	856422	856522
chr1	856537	856637
chr1	857012	857112
chr1	857120	857220
chr1	857506	857606
chr1	857626	857726
chr1	858555	858655
chr1	858680	858780
chr1	858928	859028
chr1	859111	859211
chr1	859767	859867
chr1	860007	860107
chr1	860769	860869
chr1	861148	861248
chr1	861671	861771
chr1	862347	862447
chr1	862599	862699
chr1	862985	863085
chr1	863368	863468
chr1	863803	863903
chr1	864434	864534
chr1	864548	864648
chr1	864730	864830
chr1	865151	865251
chr1	865287	865387
chr1	865640	865740
chr1	865965	866065
chr1	866423	866523
chr1	866750	866850
chr1	867037	867137
chr1	867654	867754
chr1	867888	867988
chr1	868360	868460
chr1	868703	868803
chr1	868941	869041
chr1	869505	869605
chr1	869963	870063
chr1	870975	871075
chr1	871504	871604
chr1	872015	872115
chr1	872807	872907
chr1	873290	873390
chr1	873503	873603
chr1	873845	873945
chr1	874194	874294
chr1	874999	875099
chr1	875333	875433
chr1	875538	875638
chr1	875828	875928
chr1	876339	876439
chr1	876604	876704
chr1	877016	877116
chr1	877721	877821
chr1	878185	878285
chr1	878937	879037
chr1	880017	880117
chr1	880432	880532
chr1	880574	880674
chr1	880789	880889
chr1	881185	881285
chr1	881386	881486
chr1	881560	881660
chr1	881870	881970
chr1	882493	882593
chr1	882637	882737
chr1	882984	883084
chr1	883161	883261
chr1	883537	883637
chr1	883696	883796
chr1	883889	883989
chr1	886177	886277
chr1	886324	886424
chr1	886522	886622
chr1	886628	886728
chr1	887703	887803
chr1	888029	888129
chr1	888173	888273
chr1	888395	888495
chr1	888569	888669
chr1	888932	889032
chr1	889561	889661
chr1	889862	889962
chr1	890048	890148
chr1	890150	890250
chr1	890351	890451
chr1	890914	891014
chr1	891032	891132
chr1	892617	892717
chr1	892741	892841
chr1	893571	893671
chr1	893712	893812
chr1	894149	894249
chr1	894490	894590
chr1	894849	894949
chr1	894977	895077
chr1	895714	895814
chr1	895939	896039
chr1	896072	896172
chr1	897107	897207
chr1	897211	897311
chr1	897437	897537
chr1	897903	898003
chr1	898159	898259
chr1	898539	898639
chr1	898838	898938
chr1	899377	899477
chr1	899512	899612
chr1	899865	899965
chr1	900160	900260
chr1	900370	900470
chr1	901020	901120
chr1	901482	901582
chr1	901684	901784
chr1	902791	902891
chr1	903336	903436
chr1	904149	904249
chr1	904640	904740
chr1	904896	904996
chr1	905748	905848
chr1	905870	905970
chr1	906455	906555
chr1	906820	906920
chr1	907128	907228
chr1	907675	907775
chr1	908130	908230
chr1	908475	908575
chr1	909041	909141
chr1	909925	910025
chr1	910098	910198
chr1	910301	910401
chr1	910467	910567
chr1	910936	911036
chr1	911181	911281
chr1	911376	911476
chr1	911673	911773
chr1	912069	912169
chr1	912744	912844
chr1	913533	913633
chr1	914191	914291
chr1	914502	914602
chr1	914957	915057
chr1	915190	915290
chr1	915403	915503
chr1	915510	915610
chr1	915769	915869
chr1	916048	916148
chr1	916339	916439
chr1	916611	916711
chr1	916861	916961
chr1	917104	917204
chr1	917354	917454
chr1	917591	917691
chr1	917702	917802
chr1	918385	918485
chr1	918532	918632
chr1	918746	918846
chr1	918936	919036
chr1	919433	919533
chr1	919551	919651
chr1	919695	919795
chr1	919951	920051
chr1	920588	920688
chr1	921098	921198
chr1	921318	921418
chr1	921565	921665
chr1	922056	922156
chr1	922384	922484
chr1	922535	922635
chr1	922820	922920
chr1	923079	923179
chr1	923291	923391
chr1	923894	923994
chr1	924615	924715
chr1	925109	925209
chr1	925386	925486
chr1	925983	926083
chr1	926875	926975
chr1	927027	927127
chr1	927670	927770
chr1	927786	927886
chr1	928052	928152
chr1	928500	928600
chr1	928832	928932
chr1	929076	929176
chr1	929186	929286
chr1	929584	929684
chr1	929754	929854
chr1	929960	930060
chr1	930061	930161
chr1	931101	931201
chr1	931337	931437
chr1	931698	931798
chr1	932517	932617
chr1	933047	933147
chr1	933163	933263
chr1	933682	933782
chr1	933948	934048
chr1	934087	934187
chr1	934258	934358
chr1	934818	934918
chr1	935097	935197
chr1	935582	935682
chr1	935698	935798
chr1	936525	936625
chr1	936895	936995
chr1	937893	937993
chr1	938053	938153
chr1	938196	938296
chr1	938670	938770
chr1	939254	939354
chr1	939461	939561
chr1	940324	940424
chr1	940487	940587
chr1	941070	941170
chr1	941354	941454
chr1	941759	941859
chr1	941918	942018
chr1	942351	942451
chr1	943029	943129
chr1	943234	943334
chr1	943375	943475
chr1	943524	943624
chr1	944227	944327
chr1	944631	944731
chr1	945126	945226
chr1	945338	945438
chr1	945822	945922
chr1	945934	946034
chr1	946039	946139
chr1	946298	946398
chr1	946654	946754
chr1	947326	947426
chr1	948522	948622
chr1	948654	948754
chr1	948854	948954
chr1	949080	949180
chr1	949283	949383
chr1	949391	949491
chr1	949499	949599
chr1	950069	950169
chr1	950199	950299
chr1	950792	950892
chr1	950947	951047
chr1	951200	951300
chr1	951621	951721
chr1	951964	952064
chr1	952072	952172
chr1	952239	952339
chr1	952739	952839
chr1	952906	953006
chr1	953151	953251
chr1	953252	953352
chr1	953476	953576
chr1	953663	953763
chr1	953818	953918
chr1	953938	954038
chr1	954169	954269
chr1	954527	954627
chr1	955173	955273
chr1	955443	955543
chr1	956092	956192
chr1	957057	957157
chr1	957188	957288
chr1	957406	957506
chr1	957512	957612
chr1	958208	958308
chr1	958356	958456
chr1	958679	958779
chr1	959942	960042
chr1	960255	960355
chr1	960366	960466
chr1	960486	960586
chr1	960619	960719
chr1	960931	961031
chr1	961520	961620
chr1	961669	961769
chr1	962124	962224
chr1	962566	962666
chr1	962946	963046
chr1	963276	963376
chr1	963466	963566
chr1	963842	963942
chr1	964064	964164
chr1	964252	964352
chr1	964489	964589
chr1	964698	964798
chr1	965327	965427
chr1	966109	966209
chr1	966509	966609
chr1	966904	967004
chr1	967522	967622
chr1	968557	968657
chr1	968701	968801
chr1	969161	969261
chr1	969517	969617
chr1	970441	970541
chr1	970653	970753
chr1	971582	971682
chr1	972388	972488
chr1	972742	972842
chr1	972872	972972
chr1	973378	973478
chr1	973776	973876
chr1	974106	974206
chr1	974516	974616
chr1	975389	975489
chr1	975706	975806
chr1	976458	976558
chr1	977282	977382
chr1	977679	977779
chr1	978087	978187
chr1	978517	978617
chr1	980020	980120
chr1	980664	980764
chr1	981058	981158
chr1	981519	981619
chr1	981922	982022
chr1	982490	982590
chr1	983001	983101
chr1	983365	983465
chr1	984430	984530
chr1	984592	984692
chr1	984740	984840
chr1	985629	985729
chr1	986353	986453
chr1	986473	986573
chr1	987229	987329
chr1	987600	987700
chr1	987807	987907
chr1	988163	988263
chr1	988335	988435
chr1	988690	988790
chr1	988993	989093
chr1	989227	989327
chr1	989331	989431
chr1	989451	989551
chr1	992341	992441
chr1	992509	992609
chr1	993320	993420
chr1	993546	993646
chr1	994049	994149
chr1	994300	994400
chr1	994496	994596
chr1	994720	994820
chr1	994980	995080
chr1	995502	995602
chr1	996037	996137
chr1	996202	996302
chr1	996303	996403
chr1	996751	996851
chr1	996882	996982
chr1	997295	997395
chr1	997811	997911
chr1	998140	998240
chr1	998256	998356
chr1	998602	998702
chr1	998836	998936
chr1	998959	999059
chr1	999457	999557
chr1	999853	999953
